#include <gds_font.h>

// Bitmap renderings of the Ubuntu font (Ubuntu-Regular.ttf from github.com/google/fonts), 1 bit per pixel.
// The font is licensed under the Ubuntu Font Licence 1.0, see LICENSE-ubuntu-font.
// Layout: per glyph one width byte, then columns of (Height+7)/8 bytes, LSB = top pixel.

static const uint8_t Font_ubuntu_14_data[] = {
	0x03, 0x00, 0x00, 0x00, 0x00, 0x00, 0x00, 0x00, 0x00, 0x00, 0x00, 0x00, 0x00, 0x00, 0x00, 0x00, 0x00, 0x00, 0x00, 0x00, 0x00, 0x00, 0x00, 0x00, 0x00, 0x00, 0x00,  // 0x20
	0x04, 0x00, 0x00, 0xF8, 0x0D, 0x00, 0x00, 0x00, 0x00, 0x00, 0x00, 0x00, 0x00, 0x00, 0x00, 0x00, 0x00, 0x00, 0x00, 0x00, 0x00, 0x00, 0x00, 0x00, 0x00, 0x00, 0x00,  // !
	0x05, 0x00, 0x00, 0x1C, 0x00, 0x00, 0x00, 0x1C, 0x00, 0x00, 0x00, 0x00, 0x00, 0x00, 0x00, 0x00, 0x00, 0x00, 0x00, 0x00, 0x00, 0x00, 0x00, 0x00, 0x00, 0x00, 0x00,  // "
	0x09, 0x00, 0x00, 0x20, 0x02, 0x20, 0x0E, 0xE0, 0x03, 0x38, 0x0E, 0xE0, 0x03, 0x38, 0x02, 0x20, 0x02, 0x00, 0x00, 0x00, 0x00, 0x00, 0x00, 0x00, 0x00, 0x00, 0x00,  // #
	0x07, 0x00, 0x00, 0x30, 0x08, 0x48, 0x08, 0x8E, 0x38, 0x08, 0x09, 0x08, 0x06, 0x00, 0x00, 0x00, 0x00, 0x00, 0x00, 0x00, 0x00, 0x00, 0x00, 0x00, 0x00, 0x00, 0x00,  // $
	0x0B, 0x00, 0x00, 0x70, 0x00, 0x88, 0x00, 0x88, 0x08, 0x70, 0x06, 0xC0, 0x01, 0x30, 0x07, 0x88, 0x08, 0x80, 0x08, 0x00, 0x07, 0x00, 0x00, 0x00, 0x00, 0x00, 0x00,  // %
	0x09, 0x00, 0x00, 0x00, 0x06, 0x70, 0x09, 0x88, 0x08, 0x88, 0x09, 0x70, 0x0A, 0x00, 0x04, 0x00, 0x0B, 0x00, 0x00, 0x00, 0x00, 0x00, 0x00, 0x00, 0x00, 0x00, 0x00,  // &
	0x03, 0x00, 0x00, 0x1C, 0x00, 0x00, 0x00, 0x00, 0x00, 0x00, 0x00, 0x00, 0x00, 0x00, 0x00, 0x00, 0x00, 0x00, 0x00, 0x00, 0x00, 0x00, 0x00, 0x00, 0x00, 0x00, 0x00,  // '
	0x05, 0x00, 0x00, 0xE0, 0x07, 0x18, 0x18, 0x04, 0x20, 0x00, 0x00, 0x00, 0x00, 0x00, 0x00, 0x00, 0x00, 0x00, 0x00, 0x00, 0x00, 0x00, 0x00, 0x00, 0x00, 0x00, 0x00,  // (
	0x04, 0x04, 0x20, 0x18, 0x18, 0xE0, 0x07, 0x00, 0x00, 0x00, 0x00, 0x00, 0x00, 0x00, 0x00, 0x00, 0x00, 0x00, 0x00, 0x00, 0x00, 0x00, 0x00, 0x00, 0x00, 0x00, 0x00,  // )
	0x07, 0x00, 0x00, 0x90, 0x00, 0x60, 0x00, 0x38, 0x00, 0x60, 0x00, 0x90, 0x00, 0x00, 0x00, 0x00, 0x00, 0x00, 0x00, 0x00, 0x00, 0x00, 0x00, 0x00, 0x00, 0x00, 0x00,  // *
	0x07, 0x00, 0x00, 0x00, 0x01, 0x00, 0x01, 0xC0, 0x07, 0x00, 0x01, 0x00, 0x01, 0x00, 0x00, 0x00, 0x00, 0x00, 0x00, 0x00, 0x00, 0x00, 0x00, 0x00, 0x00, 0x00, 0x00,  // +
	0x03, 0x00, 0x20, 0x00, 0x1C, 0x00, 0x00, 0x00, 0x00, 0x00, 0x00, 0x00, 0x00, 0x00, 0x00, 0x00, 0x00, 0x00, 0x00, 0x00, 0x00, 0x00, 0x00, 0x00, 0x00, 0x00, 0x00,  // ,
	0x05, 0x00, 0x00, 0x00, 0x01, 0x00, 0x01, 0x00, 0x01, 0x00, 0x00, 0x00, 0x00, 0x00, 0x00, 0x00, 0x00, 0x00, 0x00, 0x00, 0x00, 0x00, 0x00, 0x00, 0x00, 0x00, 0x00,  // -
	0x03, 0x00, 0x00, 0x00, 0x0C, 0x00, 0x00, 0x00, 0x00, 0x00, 0x00, 0x00, 0x00, 0x00, 0x00, 0x00, 0x00, 0x00, 0x00, 0x00, 0x00, 0x00, 0x00, 0x00, 0x00, 0x00, 0x00,  // .
	0x06, 0x00, 0x30, 0x00, 0x0E, 0x80, 0x01, 0x70, 0x00, 0x0C, 0x00, 0x00, 0x00, 0x00, 0x00, 0x00, 0x00, 0x00, 0x00, 0x00, 0x00, 0x00, 0x00, 0x00, 0x00, 0x00, 0x00,  // /
	0x07, 0x00, 0x00, 0xF0, 0x07, 0x08, 0x08, 0x08, 0x08, 0x08, 0x08, 0xF0, 0x07, 0x00, 0x00, 0x00, 0x00, 0x00, 0x00, 0x00, 0x00, 0x00, 0x00, 0x00, 0x00, 0x00, 0x00,  // 0
	0x07, 0x00, 0x00, 0x20, 0x00, 0x10, 0x00, 0xF8, 0x0F, 0x00, 0x00, 0x00, 0x00, 0x00, 0x00, 0x00, 0x00, 0x00, 0x00, 0x00, 0x00, 0x00, 0x00, 0x00, 0x00, 0x00, 0x00,  // 1
	0x07, 0x00, 0x00, 0x10, 0x0C, 0x08, 0x0A, 0x08, 0x09, 0x88, 0x08, 0x70, 0x08, 0x00, 0x00, 0x00, 0x00, 0x00, 0x00, 0x00, 0x00, 0x00, 0x00, 0x00, 0x00, 0x00, 0x00,  // 2
	0x07, 0x00, 0x00, 0x08, 0x08, 0x88, 0x08, 0x88, 0x08, 0x88, 0x08, 0x70, 0x07, 0x00, 0x00, 0x00, 0x00, 0x00, 0x00, 0x00, 0x00, 0x00, 0x00, 0x00, 0x00, 0x00, 0x00,  // 3
	0x07, 0x00, 0x00, 0x00, 0x03, 0xE0, 0x02, 0x10, 0x02, 0xF8, 0x0F, 0x00, 0x02, 0x00, 0x00, 0x00, 0x00, 0x00, 0x00, 0x00, 0x00, 0x00, 0x00, 0x00, 0x00, 0x00, 0x00,  // 4
	0x07, 0x00, 0x00, 0x00, 0x08, 0xF8, 0x08, 0x88, 0x08, 0x88, 0x08, 0x08, 0x07, 0x00, 0x00, 0x00, 0x00, 0x00, 0x00, 0x00, 0x00, 0x00, 0x00, 0x00, 0x00, 0x00, 0x00,  // 5
	0x07, 0x00, 0x00, 0xE0, 0x07, 0x50, 0x08, 0x48, 0x08, 0x48, 0x08, 0x80, 0x07, 0x00, 0x00, 0x00, 0x00, 0x00, 0x00, 0x00, 0x00, 0x00, 0x00, 0x00, 0x00, 0x00, 0x00,  // 6
	0x07, 0x00, 0x00, 0x08, 0x00, 0x08, 0x0E, 0xC8, 0x01, 0x28, 0x00, 0x18, 0x00, 0x00, 0x00, 0x00, 0x00, 0x00, 0x00, 0x00, 0x00, 0x00, 0x00, 0x00, 0x00, 0x00, 0x00,  // 7
	0x07, 0x00, 0x00, 0x70, 0x07, 0x88, 0x08, 0x88, 0x08, 0x88, 0x08, 0x70, 0x07, 0x00, 0x00, 0x00, 0x00, 0x00, 0x00, 0x00, 0x00, 0x00, 0x00, 0x00, 0x00, 0x00, 0x00,  // 8
	0x07, 0x00, 0x00, 0xF0, 0x08, 0x08, 0x09, 0x08, 0x09, 0x08, 0x05, 0xF0, 0x03, 0x00, 0x00, 0x00, 0x00, 0x00, 0x00, 0x00, 0x00, 0x00, 0x00, 0x00, 0x00, 0x00, 0x00,  // 9
	0x03, 0x00, 0x00, 0x60, 0x0C, 0x00, 0x00, 0x00, 0x00, 0x00, 0x00, 0x00, 0x00, 0x00, 0x00, 0x00, 0x00, 0x00, 0x00, 0x00, 0x00, 0x00, 0x00, 0x00, 0x00, 0x00, 0x00,  // :
	0x03, 0x00, 0x20, 0x60, 0x1C, 0x00, 0x00, 0x00, 0x00, 0x00, 0x00, 0x00, 0x00, 0x00, 0x00, 0x00, 0x00, 0x00, 0x00, 0x00, 0x00, 0x00, 0x00, 0x00, 0x00, 0x00, 0x00,  // ;
	0x07, 0x00, 0x00, 0x00, 0x01, 0x80, 0x02, 0x80, 0x02, 0x40, 0x04, 0x40, 0x04, 0x00, 0x00, 0x00, 0x00, 0x00, 0x00, 0x00, 0x00, 0x00, 0x00, 0x00, 0x00, 0x00, 0x00,  // <
	0x07, 0x80, 0x02, 0x80, 0x02, 0x80, 0x02, 0x80, 0x02, 0x80, 0x02, 0x80, 0x02, 0x00, 0x00, 0x00, 0x00, 0x00, 0x00, 0x00, 0x00, 0x00, 0x00, 0x00, 0x00, 0x00, 0x00,  // =
	0x07, 0x00, 0x00, 0x40, 0x04, 0x40, 0x04, 0x80, 0x02, 0x80, 0x02, 0x00, 0x01, 0x00, 0x00, 0x00, 0x00, 0x00, 0x00, 0x00, 0x00, 0x00, 0x00, 0x00, 0x00, 0x00, 0x00,  // >
	0x06, 0x00, 0x00, 0x08, 0x00, 0x88, 0x0D, 0x48, 0x00, 0x30, 0x00, 0x00, 0x00, 0x00, 0x00, 0x00, 0x00, 0x00, 0x00, 0x00, 0x00, 0x00, 0x00, 0x00, 0x00, 0x00, 0x00,  // ?
	0x0C, 0x00, 0x00, 0xE0, 0x07, 0x10, 0x08, 0x08, 0x10, 0xC4, 0x23, 0x24, 0x24, 0x24, 0x24, 0xE4, 0x23, 0x08, 0x04, 0x10, 0x04, 0xE0, 0x03, 0x00, 0x00, 0x00, 0x00,  // @
	0x0A, 0x00, 0x08, 0x00, 0x06, 0xC0, 0x03, 0x30, 0x02, 0x08, 0x02, 0x30, 0x02, 0xC0, 0x03, 0x00, 0x06, 0x00, 0x08, 0x00, 0x00, 0x00, 0x00, 0x00, 0x00, 0x00, 0x00,  // A
	0x08, 0x00, 0x00, 0xF8, 0x0F, 0x88, 0x08, 0x88, 0x08, 0x88, 0x08, 0x88, 0x08, 0x70, 0x07, 0x00, 0x00, 0x00, 0x00, 0x00, 0x00, 0x00, 0x00, 0x00, 0x00, 0x00, 0x00,  // B
	0x09, 0x00, 0x00, 0xE0, 0x03, 0x10, 0x04, 0x08, 0x08, 0x08, 0x08, 0x08, 0x08, 0x08, 0x08, 0x10, 0x04, 0x00, 0x00, 0x00, 0x00, 0x00, 0x00, 0x00, 0x00, 0x00, 0x00,  // C
	0x09, 0x00, 0x00, 0xF8, 0x0F, 0x08, 0x08, 0x08, 0x08, 0x08, 0x08, 0x08, 0x08, 0x10, 0x04, 0xE0, 0x03, 0x00, 0x00, 0x00, 0x00, 0x00, 0x00, 0x00, 0x00, 0x00, 0x00,  // D
	0x07, 0x00, 0x00, 0xF8, 0x0F, 0x88, 0x08, 0x88, 0x08, 0x88, 0x08, 0x08, 0x08, 0x00, 0x00, 0x00, 0x00, 0x00, 0x00, 0x00, 0x00, 0x00, 0x00, 0x00, 0x00, 0x00, 0x00,  // E
	0x08, 0x00, 0x00, 0xF8, 0x0F, 0x88, 0x00, 0x88, 0x00, 0x88, 0x00, 0x88, 0x00, 0x08, 0x00, 0x00, 0x00, 0x00, 0x00, 0x00, 0x00, 0x00, 0x00, 0x00, 0x00, 0x00, 0x00,  // F
	0x09, 0x00, 0x00, 0xE0, 0x03, 0x10, 0x04, 0x08, 0x08, 0x08, 0x08, 0x08, 0x08, 0x08, 0x08, 0x10, 0x0F, 0x00, 0x00, 0x00, 0x00, 0x00, 0x00, 0x00, 0x00, 0x00, 0x00,  // G
	0x09, 0x00, 0x00, 0xF8, 0x0F, 0x80, 0x00, 0x80, 0x00, 0x80, 0x00, 0x80, 0x00, 0x80, 0x00, 0xF8, 0x0F, 0x00, 0x00, 0x00, 0x00, 0x00, 0x00, 0x00, 0x00, 0x00, 0x00,  // H
	0x03, 0x00, 0x00, 0xF8, 0x0F, 0x00, 0x00, 0x00, 0x00, 0x00, 0x00, 0x00, 0x00, 0x00, 0x00, 0x00, 0x00, 0x00, 0x00, 0x00, 0x00, 0x00, 0x00, 0x00, 0x00, 0x00, 0x00,  // I
	0x07, 0x00, 0x04, 0x00, 0x08, 0x00, 0x08, 0x00, 0x08, 0x00, 0x08, 0xF8, 0x07, 0x00, 0x00, 0x00, 0x00, 0x00, 0x00, 0x00, 0x00, 0x00, 0x00, 0x00, 0x00, 0x00, 0x00,  // J
	0x09, 0x00, 0x00, 0xF8, 0x0F, 0x80, 0x00, 0x40, 0x01, 0x20, 0x01, 0x10, 0x02, 0x08, 0x04, 0x00, 0x08, 0x00, 0x00, 0x00, 0x00, 0x00, 0x00, 0x00, 0x00, 0x00, 0x00,  // K
	0x08, 0x00, 0x00, 0xF8, 0x0F, 0x00, 0x08, 0x00, 0x08, 0x00, 0x08, 0x00, 0x08, 0x00, 0x08, 0x00, 0x00, 0x00, 0x00, 0x00, 0x00, 0x00, 0x00, 0x00, 0x00, 0x00, 0x00,  // L
	0x0B, 0x00, 0x00, 0xF8, 0x0F, 0x30, 0x00, 0xC0, 0x00, 0x00, 0x03, 0x00, 0x04, 0x00, 0x03, 0xC0, 0x00, 0x30, 0x00, 0xF8, 0x0F, 0x00, 0x00, 0x00, 0x00, 0x00, 0x00,  // M
	0x09, 0x00, 0x00, 0xF8, 0x0F, 0x10, 0x00, 0x60, 0x00, 0xC0, 0x00, 0x00, 0x03, 0x00, 0x04, 0xF8, 0x0F, 0x00, 0x00, 0x00, 0x00, 0x00, 0x00, 0x00, 0x00, 0x00, 0x00,  // N
	0x0A, 0x00, 0x00, 0xE0, 0x03, 0x10, 0x04, 0x08, 0x08, 0x08, 0x08, 0x08, 0x08, 0x08, 0x08, 0x10, 0x04, 0xE0, 0x03, 0x00, 0x00, 0x00, 0x00, 0x00, 0x00, 0x00, 0x00,  // O
	0x09, 0x00, 0x00, 0xF8, 0x0F, 0x08, 0x01, 0x08, 0x01, 0x08, 0x01, 0x08, 0x01, 0x90, 0x00, 0x60, 0x00, 0x00, 0x00, 0x00, 0x00, 0x00, 0x00, 0x00, 0x00, 0x00, 0x00,  // P
	0x0A, 0x00, 0x00, 0xE0, 0x03, 0x10, 0x04, 0x08, 0x08, 0x08, 0x08, 0x08, 0x18, 0x08, 0x28, 0x10, 0x24, 0xE0, 0x03, 0x00, 0x00, 0x00, 0x00, 0x00, 0x00, 0x00, 0x00,  // Q
	0x09, 0x00, 0x00, 0xF8, 0x0F, 0x08, 0x01, 0x08, 0x01, 0x08, 0x01, 0x08, 0x03, 0xF0, 0x04, 0x00, 0x08, 0x00, 0x00, 0x00, 0x00, 0x00, 0x00, 0x00, 0x00, 0x00, 0x00,  // R
	0x07, 0x00, 0x00, 0x70, 0x08, 0x88, 0x08, 0x88, 0x08, 0x88, 0x08, 0x08, 0x07, 0x00, 0x00, 0x00, 0x00, 0x00, 0x00, 0x00, 0x00, 0x00, 0x00, 0x00, 0x00, 0x00, 0x00,  // S
	0x08, 0x08, 0x00, 0x08, 0x00, 0x08, 0x00, 0xF8, 0x0F, 0x08, 0x00, 0x08, 0x00, 0x08, 0x00, 0x00, 0x00, 0x00, 0x00, 0x00, 0x00, 0x00, 0x00, 0x00, 0x00, 0x00, 0x00,  // T
	0x09, 0x00, 0x00, 0xF8, 0x03, 0x00, 0x04, 0x00, 0x08, 0x00, 0x08, 0x00, 0x08, 0x00, 0x04, 0xF8, 0x03, 0x00, 0x00, 0x00, 0x00, 0x00, 0x00, 0x00, 0x00, 0x00, 0x00,  // U
	0x0A, 0x08, 0x00, 0x70, 0x00, 0x80, 0x01, 0x00, 0x06, 0x00, 0x08, 0x00, 0x06, 0x80, 0x01, 0x70, 0x00, 0x08, 0x00, 0x00, 0x00, 0x00, 0x00, 0x00, 0x00, 0x00, 0x00,  // V
	0x0C, 0x38, 0x00, 0xC0, 0x07, 0x00, 0x08, 0x00, 0x06, 0xC0, 0x01, 0x30, 0x00, 0xC0, 0x01, 0x00, 0x06, 0x00, 0x08, 0xC0, 0x07, 0x38, 0x00, 0x00, 0x00, 0x00, 0x00,  // W
	0x08, 0x08, 0x08, 0x10, 0x04, 0x60, 0x03, 0x80, 0x00, 0x60, 0x03, 0x10, 0x04, 0x08, 0x08, 0x00, 0x00, 0x00, 0x00, 0x00, 0x00, 0x00, 0x00, 0x00, 0x00, 0x00, 0x00,  // X
	0x08, 0x08, 0x00, 0x30, 0x00, 0x40, 0x00, 0x80, 0x0F, 0x40, 0x00, 0x30, 0x00, 0x08, 0x00, 0x00, 0x00, 0x00, 0x00, 0x00, 0x00, 0x00, 0x00, 0x00, 0x00, 0x00, 0x00,  // Y
	0x07, 0x00, 0x00, 0x08, 0x0C, 0x08, 0x0B, 0xC8, 0x08, 0x28, 0x08, 0x18, 0x08, 0x00, 0x00, 0x00, 0x00, 0x00, 0x00, 0x00, 0x00, 0x00, 0x00, 0x00, 0x00, 0x00, 0x00,  // Z
	0x05, 0x00, 0x00, 0xFC, 0x3F, 0x04, 0x20, 0x04, 0x20, 0x00, 0x00, 0x00, 0x00, 0x00, 0x00, 0x00, 0x00, 0x00, 0x00, 0x00, 0x00, 0x00, 0x00, 0x00, 0x00, 0x00, 0x00,  // [
	0x06, 0x0C, 0x00, 0x70, 0x00, 0x80, 0x03, 0x00, 0x0C, 0x00, 0x30, 0x00, 0x00, 0x00, 0x00, 0x00, 0x00, 0x00, 0x00, 0x00, 0x00, 0x00, 0x00, 0x00, 0x00, 0x00, 0x00,  // 0x5C
	0x04, 0x04, 0x20, 0x04, 0x20, 0xFC, 0x3F, 0x00, 0x00, 0x00, 0x00, 0x00, 0x00, 0x00, 0x00, 0x00, 0x00, 0x00, 0x00, 0x00, 0x00, 0x00, 0x00, 0x00, 0x00, 0x00, 0x00,  // ]
	0x08, 0x80, 0x00, 0x60, 0x00, 0x10, 0x00, 0x08, 0x00, 0x10, 0x00, 0x60, 0x00, 0x80, 0x00, 0x00, 0x00, 0x00, 0x00, 0x00, 0x00, 0x00, 0x00, 0x00, 0x00, 0x00, 0x00,  // ^
	0x07, 0x00, 0x20, 0x00, 0x20, 0x00, 0x20, 0x00, 0x20, 0x00, 0x20, 0x00, 0x20, 0x00, 0x00, 0x00, 0x00, 0x00, 0x00, 0x00, 0x00, 0x00, 0x00, 0x00, 0x00, 0x00, 0x00,  // _
	0x05, 0x00, 0x00, 0x04, 0x00, 0x08, 0x00, 0x00, 0x00, 0x00, 0x00, 0x00, 0x00, 0x00, 0x00, 0x00, 0x00, 0x00, 0x00, 0x00, 0x00, 0x00, 0x00, 0x00, 0x00, 0x00, 0x00,  // `
	0x07, 0x00, 0x00, 0x00, 0x06, 0x20, 0x09, 0x20, 0x09, 0x20, 0x09, 0xC0, 0x0F, 0x00, 0x00, 0x00, 0x00, 0x00, 0x00, 0x00, 0x00, 0x00, 0x00, 0x00, 0x00, 0x00, 0x00,  // a
	0x08, 0x00, 0x00, 0xFC, 0x0F, 0x20, 0x08, 0x20, 0x08, 0x20, 0x08, 0x20, 0x08, 0xC0, 0x07, 0x00, 0x00, 0x00, 0x00, 0x00, 0x00, 0x00, 0x00, 0x00, 0x00, 0x00, 0x00,  // b
	0x07, 0x00, 0x00, 0xC0, 0x07, 0x20, 0x08, 0x20, 0x08, 0x20, 0x08, 0x20, 0x08, 0x00, 0x00, 0x00, 0x00, 0x00, 0x00, 0x00, 0x00, 0x00, 0x00, 0x00, 0x00, 0x00, 0x00,  // c
	0x08, 0x00, 0x00, 0xC0, 0x07, 0x20, 0x08, 0x20, 0x08, 0x20, 0x08, 0x20, 0x08, 0xFC, 0x0F, 0x00, 0x00, 0x00, 0x00, 0x00, 0x00, 0x00, 0x00, 0x00, 0x00, 0x00, 0x00,  // d
	0x08, 0x00, 0x00, 0xC0, 0x07, 0x20, 0x09, 0x20, 0x09, 0x20, 0x09, 0x20, 0x09, 0xC0, 0x09, 0x00, 0x00, 0x00, 0x00, 0x00, 0x00, 0x00, 0x00, 0x00, 0x00, 0x00, 0x00,  // e
	0x06, 0x00, 0x00, 0xF8, 0x0F, 0x24, 0x00, 0x24, 0x00, 0x24, 0x00, 0x00, 0x00, 0x00, 0x00, 0x00, 0x00, 0x00, 0x00, 0x00, 0x00, 0x00, 0x00, 0x00, 0x00, 0x00, 0x00,  // f
	0x08, 0x00, 0x00, 0xC0, 0x27, 0x20, 0x28, 0x20, 0x28, 0x20, 0x28, 0x20, 0x28, 0xE0, 0x1F, 0x00, 0x00, 0x00, 0x00, 0x00, 0x00, 0x00, 0x00, 0x00, 0x00, 0x00, 0x00,  // g
	0x08, 0x00, 0x00, 0xFC, 0x0F, 0x20, 0x00, 0x20, 0x00, 0x20, 0x00, 0x20, 0x00, 0xC0, 0x0F, 0x00, 0x00, 0x00, 0x00, 0x00, 0x00, 0x00, 0x00, 0x00, 0x00, 0x00, 0x00,  // h
	0x03, 0x00, 0x00, 0xEC, 0x0F, 0x00, 0x00, 0x00, 0x00, 0x00, 0x00, 0x00, 0x00, 0x00, 0x00, 0x00, 0x00, 0x00, 0x00, 0x00, 0x00, 0x00, 0x00, 0x00, 0x00, 0x00, 0x00,  // i
	0x03, 0x00, 0x20, 0xEC, 0x1F, 0x00, 0x00, 0x00, 0x00, 0x00, 0x00, 0x00, 0x00, 0x00, 0x00, 0x00, 0x00, 0x00, 0x00, 0x00, 0x00, 0x00, 0x00, 0x00, 0x00, 0x00, 0x00,  // j
	0x07, 0x00, 0x00, 0xFC, 0x0F, 0x00, 0x01, 0x80, 0x02, 0x40, 0x04, 0x20, 0x08, 0x00, 0x00, 0x00, 0x00, 0x00, 0x00, 0x00, 0x00, 0x00, 0x00, 0x00, 0x00, 0x00, 0x00,  // k
	0x05, 0x00, 0x00, 0xFC, 0x07, 0x00, 0x08, 0x00, 0x08, 0x00, 0x00, 0x00, 0x00, 0x00, 0x00, 0x00, 0x00, 0x00, 0x00, 0x00, 0x00, 0x00, 0x00, 0x00, 0x00, 0x00, 0x00,  // l
	0x0B, 0x00, 0x00, 0xE0, 0x0F, 0x20, 0x00, 0x20, 0x00, 0x20, 0x00, 0xC0, 0x0F, 0x20, 0x00, 0x20, 0x00, 0x20, 0x00, 0xC0, 0x0F, 0x00, 0x00, 0x00, 0x00, 0x00, 0x00,  // m
	0x07, 0x00, 0x00, 0xE0, 0x0F, 0x20, 0x00, 0x20, 0x00, 0x20, 0x00, 0xC0, 0x0F, 0x00, 0x00, 0x00, 0x00, 0x00, 0x00, 0x00, 0x00, 0x00, 0x00, 0x00, 0x00, 0x00, 0x00,  // n
	0x08, 0x00, 0x00, 0xC0, 0x07, 0x20, 0x08, 0x20, 0x08, 0x20, 0x08, 0x20, 0x08, 0xC0, 0x07, 0x00, 0x00, 0x00, 0x00, 0x00, 0x00, 0x00, 0x00, 0x00, 0x00, 0x00, 0x00,  // o
	0x08, 0x00, 0x00, 0xE0, 0x3F, 0x20, 0x08, 0x20, 0x08, 0x20, 0x08, 0x20, 0x08, 0xC0, 0x07, 0x00, 0x00, 0x00, 0x00, 0x00, 0x00, 0x00, 0x00, 0x00, 0x00, 0x00, 0x00,  // p
	0x08, 0x00, 0x00, 0xC0, 0x07, 0x20, 0x08, 0x20, 0x08, 0x20, 0x08, 0x20, 0x08, 0xE0, 0x3F, 0x00, 0x00, 0x00, 0x00, 0x00, 0x00, 0x00, 0x00, 0x00, 0x00, 0x00, 0x00,  // q
	0x06, 0x00, 0x00, 0xE0, 0x0F, 0x20, 0x00, 0x20, 0x00, 0x20, 0x00, 0x00, 0x00, 0x00, 0x00, 0x00, 0x00, 0x00, 0x00, 0x00, 0x00, 0x00, 0x00, 0x00, 0x00, 0x00, 0x00,  // r
	0x06, 0x00, 0x00, 0xC0, 0x08, 0x20, 0x09, 0x20, 0x09, 0x20, 0x06, 0x00, 0x00, 0x00, 0x00, 0x00, 0x00, 0x00, 0x00, 0x00, 0x00, 0x00, 0x00, 0x00, 0x00, 0x00, 0x00,  // s
	0x06, 0x00, 0x00, 0xF8, 0x07, 0x20, 0x08, 0x20, 0x08, 0x20, 0x08, 0x00, 0x00, 0x00, 0x00, 0x00, 0x00, 0x00, 0x00, 0x00, 0x00, 0x00, 0x00, 0x00, 0x00, 0x00, 0x00,  // t
	0x07, 0x00, 0x00, 0xE0, 0x07, 0x00, 0x08, 0x00, 0x08, 0x00, 0x08, 0xE0, 0x0F, 0x00, 0x00, 0x00, 0x00, 0x00, 0x00, 0x00, 0x00, 0x00, 0x00, 0x00, 0x00, 0x00, 0x00,  // u
	0x08, 0x20, 0x00, 0xC0, 0x01, 0x00, 0x06, 0x00, 0x08, 0x00, 0x06, 0xC0, 0x01, 0x20, 0x00, 0x00, 0x00, 0x00, 0x00, 0x00, 0x00, 0x00, 0x00, 0x00, 0x00, 0x00, 0x00,  // v
	0x0A, 0x60, 0x00, 0x80, 0x03, 0x00, 0x0C, 0x80, 0x03, 0x60, 0x00, 0x80, 0x03, 0x00, 0x0C, 0x80, 0x03, 0x60, 0x00, 0x00, 0x00, 0x00, 0x00, 0x00, 0x00, 0x00, 0x00,  // w
	0x08, 0x20, 0x08, 0x40, 0x04, 0x80, 0x02, 0x00, 0x01, 0x80, 0x02, 0x40, 0x04, 0x20, 0x08, 0x00, 0x00, 0x00, 0x00, 0x00, 0x00, 0x00, 0x00, 0x00, 0x00, 0x00, 0x00,  // x
	0x08, 0x20, 0x20, 0xC0, 0x20, 0x00, 0x23, 0x00, 0x1C, 0x00, 0x03, 0xC0, 0x00, 0x20, 0x00, 0x00, 0x00, 0x00, 0x00, 0x00, 0x00, 0x00, 0x00, 0x00, 0x00, 0x00, 0x00,  // y
	0x06, 0x00, 0x00, 0x20, 0x0C, 0x20, 0x0B, 0xA0, 0x08, 0x60, 0x08, 0x00, 0x00, 0x00, 0x00, 0x00, 0x00, 0x00, 0x00, 0x00, 0x00, 0x00, 0x00, 0x00, 0x00, 0x00, 0x00,  // z
	0x05, 0x00, 0x00, 0x80, 0x00, 0x78, 0x1F, 0x04, 0x20, 0x00, 0x00, 0x00, 0x00, 0x00, 0x00, 0x00, 0x00, 0x00, 0x00, 0x00, 0x00, 0x00, 0x00, 0x00, 0x00, 0x00, 0x00,  // {
	0x04, 0x00, 0x00, 0xFC, 0x3F, 0x00, 0x00, 0x00, 0x00, 0x00, 0x00, 0x00, 0x00, 0x00, 0x00, 0x00, 0x00, 0x00, 0x00, 0x00, 0x00, 0x00, 0x00, 0x00, 0x00, 0x00, 0x00,  // |
	0x04, 0x04, 0x20, 0x78, 0x1F, 0x80, 0x00, 0x00, 0x00, 0x00, 0x00, 0x00, 0x00, 0x00, 0x00, 0x00, 0x00, 0x00, 0x00, 0x00, 0x00, 0x00, 0x00, 0x00, 0x00, 0x00, 0x00,  // }
	0x08, 0x00, 0x00, 0x00, 0x01, 0x80, 0x00, 0x80, 0x00, 0x00, 0x01, 0x00, 0x01, 0x80, 0x00, 0x00, 0x00, 0x00, 0x00, 0x00, 0x00, 0x00, 0x00, 0x00, 0x00, 0x00, 0x00,  // ~
	0x00, 0x00, 0x00, 0x00, 0x00, 0x00, 0x00, 0x00, 0x00, 0x00, 0x00, 0x00, 0x00, 0x00, 0x00, 0x00, 0x00, 0x00, 0x00, 0x00, 0x00, 0x00, 0x00, 0x00, 0x00, 0x00, 0x00,  // 0x7F
	0x00, 0x00, 0x00, 0x00, 0x00, 0x00, 0x00, 0x00, 0x00, 0x00, 0x00, 0x00, 0x00, 0x00, 0x00, 0x00, 0x00, 0x00, 0x00, 0x00, 0x00, 0x00, 0x00, 0x00, 0x00, 0x00, 0x00,  // 0x80
	0x00, 0x00, 0x00, 0x00, 0x00, 0x00, 0x00, 0x00, 0x00, 0x00, 0x00, 0x00, 0x00, 0x00, 0x00, 0x00, 0x00, 0x00, 0x00, 0x00, 0x00, 0x00, 0x00, 0x00, 0x00, 0x00, 0x00,  // 0x81
	0x00, 0x00, 0x00, 0x00, 0x00, 0x00, 0x00, 0x00, 0x00, 0x00, 0x00, 0x00, 0x00, 0x00, 0x00, 0x00, 0x00, 0x00, 0x00, 0x00, 0x00, 0x00, 0x00, 0x00, 0x00, 0x00, 0x00,  // 0x82
	0x00, 0x00, 0x00, 0x00, 0x00, 0x00, 0x00, 0x00, 0x00, 0x00, 0x00, 0x00, 0x00, 0x00, 0x00, 0x00, 0x00, 0x00, 0x00, 0x00, 0x00, 0x00, 0x00, 0x00, 0x00, 0x00, 0x00,  // 0x83
	0x00, 0x00, 0x00, 0x00, 0x00, 0x00, 0x00, 0x00, 0x00, 0x00, 0x00, 0x00, 0x00, 0x00, 0x00, 0x00, 0x00, 0x00, 0x00, 0x00, 0x00, 0x00, 0x00, 0x00, 0x00, 0x00, 0x00,  // 0x84
	0x00, 0x00, 0x00, 0x00, 0x00, 0x00, 0x00, 0x00, 0x00, 0x00, 0x00, 0x00, 0x00, 0x00, 0x00, 0x00, 0x00, 0x00, 0x00, 0x00, 0x00, 0x00, 0x00, 0x00, 0x00, 0x00, 0x00,  // 0x85
	0x00, 0x00, 0x00, 0x00, 0x00, 0x00, 0x00, 0x00, 0x00, 0x00, 0x00, 0x00, 0x00, 0x00, 0x00, 0x00, 0x00, 0x00, 0x00, 0x00, 0x00, 0x00, 0x00, 0x00, 0x00, 0x00, 0x00,  // 0x86
	0x00, 0x00, 0x00, 0x00, 0x00, 0x00, 0x00, 0x00, 0x00, 0x00, 0x00, 0x00, 0x00, 0x00, 0x00, 0x00, 0x00, 0x00, 0x00, 0x00, 0x00, 0x00, 0x00, 0x00, 0x00, 0x00, 0x00,  // 0x87
	0x00, 0x00, 0x00, 0x00, 0x00, 0x00, 0x00, 0x00, 0x00, 0x00, 0x00, 0x00, 0x00, 0x00, 0x00, 0x00, 0x00, 0x00, 0x00, 0x00, 0x00, 0x00, 0x00, 0x00, 0x00, 0x00, 0x00,  // 0x88
	0x00, 0x00, 0x00, 0x00, 0x00, 0x00, 0x00, 0x00, 0x00, 0x00, 0x00, 0x00, 0x00, 0x00, 0x00, 0x00, 0x00, 0x00, 0x00, 0x00, 0x00, 0x00, 0x00, 0x00, 0x00, 0x00, 0x00,  // 0x89
	0x00, 0x00, 0x00, 0x00, 0x00, 0x00, 0x00, 0x00, 0x00, 0x00, 0x00, 0x00, 0x00, 0x00, 0x00, 0x00, 0x00, 0x00, 0x00, 0x00, 0x00, 0x00, 0x00, 0x00, 0x00, 0x00, 0x00,  // 0x8A
	0x00, 0x00, 0x00, 0x00, 0x00, 0x00, 0x00, 0x00, 0x00, 0x00, 0x00, 0x00, 0x00, 0x00, 0x00, 0x00, 0x00, 0x00, 0x00, 0x00, 0x00, 0x00, 0x00, 0x00, 0x00, 0x00, 0x00,  // 0x8B
	0x00, 0x00, 0x00, 0x00, 0x00, 0x00, 0x00, 0x00, 0x00, 0x00, 0x00, 0x00, 0x00, 0x00, 0x00, 0x00, 0x00, 0x00, 0x00, 0x00, 0x00, 0x00, 0x00, 0x00, 0x00, 0x00, 0x00,  // 0x8C
	0x00, 0x00, 0x00, 0x00, 0x00, 0x00, 0x00, 0x00, 0x00, 0x00, 0x00, 0x00, 0x00, 0x00, 0x00, 0x00, 0x00, 0x00, 0x00, 0x00, 0x00, 0x00, 0x00, 0x00, 0x00, 0x00, 0x00,  // 0x8D
	0x00, 0x00, 0x00, 0x00, 0x00, 0x00, 0x00, 0x00, 0x00, 0x00, 0x00, 0x00, 0x00, 0x00, 0x00, 0x00, 0x00, 0x00, 0x00, 0x00, 0x00, 0x00, 0x00, 0x00, 0x00, 0x00, 0x00,  // 0x8E
	0x00, 0x00, 0x00, 0x00, 0x00, 0x00, 0x00, 0x00, 0x00, 0x00, 0x00, 0x00, 0x00, 0x00, 0x00, 0x00, 0x00, 0x00, 0x00, 0x00, 0x00, 0x00, 0x00, 0x00, 0x00, 0x00, 0x00,  // 0x8F
	0x00, 0x00, 0x00, 0x00, 0x00, 0x00, 0x00, 0x00, 0x00, 0x00, 0x00, 0x00, 0x00, 0x00, 0x00, 0x00, 0x00, 0x00, 0x00, 0x00, 0x00, 0x00, 0x00, 0x00, 0x00, 0x00, 0x00,  // 0x90
	0x00, 0x00, 0x00, 0x00, 0x00, 0x00, 0x00, 0x00, 0x00, 0x00, 0x00, 0x00, 0x00, 0x00, 0x00, 0x00, 0x00, 0x00, 0x00, 0x00, 0x00, 0x00, 0x00, 0x00, 0x00, 0x00, 0x00,  // 0x91
	0x00, 0x00, 0x00, 0x00, 0x00, 0x00, 0x00, 0x00, 0x00, 0x00, 0x00, 0x00, 0x00, 0x00, 0x00, 0x00, 0x00, 0x00, 0x00, 0x00, 0x00, 0x00, 0x00, 0x00, 0x00, 0x00, 0x00,  // 0x92
	0x00, 0x00, 0x00, 0x00, 0x00, 0x00, 0x00, 0x00, 0x00, 0x00, 0x00, 0x00, 0x00, 0x00, 0x00, 0x00, 0x00, 0x00, 0x00, 0x00, 0x00, 0x00, 0x00, 0x00, 0x00, 0x00, 0x00,  // 0x93
	0x00, 0x00, 0x00, 0x00, 0x00, 0x00, 0x00, 0x00, 0x00, 0x00, 0x00, 0x00, 0x00, 0x00, 0x00, 0x00, 0x00, 0x00, 0x00, 0x00, 0x00, 0x00, 0x00, 0x00, 0x00, 0x00, 0x00,  // 0x94
	0x00, 0x00, 0x00, 0x00, 0x00, 0x00, 0x00, 0x00, 0x00, 0x00, 0x00, 0x00, 0x00, 0x00, 0x00, 0x00, 0x00, 0x00, 0x00, 0x00, 0x00, 0x00, 0x00, 0x00, 0x00, 0x00, 0x00,  // 0x95
	0x00, 0x00, 0x00, 0x00, 0x00, 0x00, 0x00, 0x00, 0x00, 0x00, 0x00, 0x00, 0x00, 0x00, 0x00, 0x00, 0x00, 0x00, 0x00, 0x00, 0x00, 0x00, 0x00, 0x00, 0x00, 0x00, 0x00,  // 0x96
	0x00, 0x00, 0x00, 0x00, 0x00, 0x00, 0x00, 0x00, 0x00, 0x00, 0x00, 0x00, 0x00, 0x00, 0x00, 0x00, 0x00, 0x00, 0x00, 0x00, 0x00, 0x00, 0x00, 0x00, 0x00, 0x00, 0x00,  // 0x97
	0x00, 0x00, 0x00, 0x00, 0x00, 0x00, 0x00, 0x00, 0x00, 0x00, 0x00, 0x00, 0x00, 0x00, 0x00, 0x00, 0x00, 0x00, 0x00, 0x00, 0x00, 0x00, 0x00, 0x00, 0x00, 0x00, 0x00,  // 0x98
	0x00, 0x00, 0x00, 0x00, 0x00, 0x00, 0x00, 0x00, 0x00, 0x00, 0x00, 0x00, 0x00, 0x00, 0x00, 0x00, 0x00, 0x00, 0x00, 0x00, 0x00, 0x00, 0x00, 0x00, 0x00, 0x00, 0x00,  // 0x99
	0x00, 0x00, 0x00, 0x00, 0x00, 0x00, 0x00, 0x00, 0x00, 0x00, 0x00, 0x00, 0x00, 0x00, 0x00, 0x00, 0x00, 0x00, 0x00, 0x00, 0x00, 0x00, 0x00, 0x00, 0x00, 0x00, 0x00,  // 0x9A
	0x00, 0x00, 0x00, 0x00, 0x00, 0x00, 0x00, 0x00, 0x00, 0x00, 0x00, 0x00, 0x00, 0x00, 0x00, 0x00, 0x00, 0x00, 0x00, 0x00, 0x00, 0x00, 0x00, 0x00, 0x00, 0x00, 0x00,  // 0x9B
	0x00, 0x00, 0x00, 0x00, 0x00, 0x00, 0x00, 0x00, 0x00, 0x00, 0x00, 0x00, 0x00, 0x00, 0x00, 0x00, 0x00, 0x00, 0x00, 0x00, 0x00, 0x00, 0x00, 0x00, 0x00, 0x00, 0x00,  // 0x9C
	0x00, 0x00, 0x00, 0x00, 0x00, 0x00, 0x00, 0x00, 0x00, 0x00, 0x00, 0x00, 0x00, 0x00, 0x00, 0x00, 0x00, 0x00, 0x00, 0x00, 0x00, 0x00, 0x00, 0x00, 0x00, 0x00, 0x00,  // 0x9D
	0x00, 0x00, 0x00, 0x00, 0x00, 0x00, 0x00, 0x00, 0x00, 0x00, 0x00, 0x00, 0x00, 0x00, 0x00, 0x00, 0x00, 0x00, 0x00, 0x00, 0x00, 0x00, 0x00, 0x00, 0x00, 0x00, 0x00,  // 0x9E
	0x00, 0x00, 0x00, 0x00, 0x00, 0x00, 0x00, 0x00, 0x00, 0x00, 0x00, 0x00, 0x00, 0x00, 0x00, 0x00, 0x00, 0x00, 0x00, 0x00, 0x00, 0x00, 0x00, 0x00, 0x00, 0x00, 0x00,  // 0x9F
	0x03, 0x00, 0x00, 0x00, 0x00, 0x00, 0x00, 0x00, 0x00, 0x00, 0x00, 0x00, 0x00, 0x00, 0x00, 0x00, 0x00, 0x00, 0x00, 0x00, 0x00, 0x00, 0x00, 0x00, 0x00, 0x00, 0x00,  // 0xA0
	0x04, 0x00, 0x00, 0x60, 0x3F, 0x00, 0x00, 0x00, 0x00, 0x00, 0x00, 0x00, 0x00, 0x00, 0x00, 0x00, 0x00, 0x00, 0x00, 0x00, 0x00, 0x00, 0x00, 0x00, 0x00, 0x00, 0x00,  // 0xA1
	0x07, 0x00, 0x00, 0xC0, 0x07, 0x20, 0x08, 0x38, 0x38, 0x20, 0x08, 0x20, 0x08, 0x00, 0x00, 0x00, 0x00, 0x00, 0x00, 0x00, 0x00, 0x00, 0x00, 0x00, 0x00, 0x00, 0x00,  // 0xA2
	0x07, 0x00, 0x00, 0x80, 0x08, 0xF0, 0x0F, 0x88, 0x08, 0x88, 0x08, 0x08, 0x08, 0x00, 0x00, 0x00, 0x00, 0x00, 0x00, 0x00, 0x00, 0x00, 0x00, 0x00, 0x00, 0x00, 0x00,  // 0xA3
	0x08, 0x10, 0x04, 0xE0, 0x03, 0x20, 0x02, 0x20, 0x02, 0x20, 0x02, 0xE0, 0x03, 0x10, 0x04, 0x00, 0x00, 0x00, 0x00, 0x00, 0x00, 0x00, 0x00, 0x00, 0x00, 0x00, 0x00,  // 0xA4
	0x08, 0x08, 0x00, 0x90, 0x04, 0xE0, 0x04, 0x80, 0x0F, 0xE0, 0x04, 0x90, 0x04, 0x08, 0x00, 0x00, 0x00, 0x00, 0x00, 0x00, 0x00, 0x00, 0x00, 0x00, 0x00, 0x00, 0x00,  // 0xA5
	0x04, 0x00, 0x00, 0x7C, 0x3E, 0x00, 0x00, 0x00, 0x00, 0x00, 0x00, 0x00, 0x00, 0x00, 0x00, 0x00, 0x00, 0x00, 0x00, 0x00, 0x00, 0x00, 0x00, 0x00, 0x00, 0x00, 0x00,  // 0xA6
	0x06, 0x00, 0x00, 0xD8, 0x11, 0x24, 0x12, 0x24, 0x12, 0xC4, 0x0D, 0x00, 0x00, 0x00, 0x00, 0x00, 0x00, 0x00, 0x00, 0x00, 0x00, 0x00, 0x00, 0x00, 0x00, 0x00, 0x00,  // 0xA7
	0x05, 0x00, 0x00, 0x0C, 0x00, 0x00, 0x00, 0x0C, 0x00, 0x00, 0x00, 0x00, 0x00, 0x00, 0x00, 0x00, 0x00, 0x00, 0x00, 0x00, 0x00, 0x00, 0x00, 0x00, 0x00, 0x00, 0x00,  // 0xA8
	0x0B, 0x00, 0x00, 0xE0, 0x03, 0x10, 0x04, 0xC8, 0x09, 0x28, 0x0A, 0x28, 0x0A, 0x28, 0x0A, 0x08, 0x08, 0x10, 0x04, 0xE0, 0x03, 0x00, 0x00, 0x00, 0x00, 0x00, 0x00,  // 0xA9
	0x05, 0x00, 0x00, 0x48, 0x00, 0xA8, 0x00, 0xF0, 0x00, 0x00, 0x00, 0x00, 0x00, 0x00, 0x00, 0x00, 0x00, 0x00, 0x00, 0x00, 0x00, 0x00, 0x00, 0x00, 0x00, 0x00, 0x00,  // 0xAA
	0x07, 0x00, 0x01, 0x80, 0x02, 0x40, 0x04, 0x00, 0x01, 0x80, 0x02, 0x40, 0x04, 0x00, 0x00, 0x00, 0x00, 0x00, 0x00, 0x00, 0x00, 0x00, 0x00, 0x00, 0x00, 0x00, 0x00,  // 0xAB
	0x07, 0x00, 0x00, 0x80, 0x00, 0x80, 0x00, 0x80, 0x00, 0x80, 0x00, 0x80, 0x07, 0x00, 0x00, 0x00, 0x00, 0x00, 0x00, 0x00, 0x00, 0x00, 0x00, 0x00, 0x00, 0x00, 0x00,  // 0xAC
	0x01, 0x00, 0x00, 0x00, 0x00, 0x00, 0x00, 0x00, 0x00, 0x00, 0x00, 0x00, 0x00, 0x00, 0x00, 0x00, 0x00, 0x00, 0x00, 0x00, 0x00, 0x00, 0x00, 0x00, 0x00, 0x00, 0x00,  // 0xAD
	0x0B, 0x00, 0x00, 0xE0, 0x03, 0x10, 0x04, 0x08, 0x08, 0xE8, 0x0B, 0xA8, 0x09, 0x48, 0x0A, 0x08, 0x08, 0x10, 0x04, 0xE0, 0x03, 0x00, 0x00, 0x00, 0x00, 0x00, 0x00,  // 0xAE
	0x06, 0x00, 0x00, 0x08, 0x00, 0x08, 0x00, 0x08, 0x00, 0x08, 0x00, 0x00, 0x00, 0x00, 0x00, 0x00, 0x00, 0x00, 0x00, 0x00, 0x00, 0x00, 0x00, 0x00, 0x00, 0x00, 0x00,  // 0xAF
	0x05, 0x00, 0x00, 0x18, 0x00, 0x24, 0x00, 0x18, 0x00, 0x00, 0x00, 0x00, 0x00, 0x00, 0x00, 0x00, 0x00, 0x00, 0x00, 0x00, 0x00, 0x00, 0x00, 0x00, 0x00, 0x00, 0x00,  // 0xB0
	0x07, 0x00, 0x00, 0x80, 0x08, 0x80, 0x08, 0xE0, 0x0B, 0x80, 0x08, 0x80, 0x08, 0x00, 0x00, 0x00, 0x00, 0x00, 0x00, 0x00, 0x00, 0x00, 0x00, 0x00, 0x00, 0x00, 0x00,  // 0xB1
	0x05, 0x90, 0x00, 0xC8, 0x00, 0xA8, 0x00, 0x90, 0x00, 0x00, 0x00, 0x00, 0x00, 0x00, 0x00, 0x00, 0x00, 0x00, 0x00, 0x00, 0x00, 0x00, 0x00, 0x00, 0x00, 0x00, 0x00,  // 0xB2
	0x05, 0x88, 0x00, 0xA8, 0x00, 0xA8, 0x00, 0x50, 0x00, 0x00, 0x00, 0x00, 0x00, 0x00, 0x00, 0x00, 0x00, 0x00, 0x00, 0x00, 0x00, 0x00, 0x00, 0x00, 0x00, 0x00, 0x00,  // 0xB3
	0x05, 0x00, 0x00, 0x00, 0x00, 0x08, 0x00, 0x04, 0x00, 0x00, 0x00, 0x00, 0x00, 0x00, 0x00, 0x00, 0x00, 0x00, 0x00, 0x00, 0x00, 0x00, 0x00, 0x00, 0x00, 0x00, 0x00,  // 0xB4
	0x08, 0x00, 0x00, 0xE0, 0x3F, 0x00, 0x04, 0x00, 0x08, 0x00, 0x08, 0x00, 0x08, 0xE0, 0x0F, 0x00, 0x00, 0x00, 0x00, 0x00, 0x00, 0x00, 0x00, 0x00, 0x00, 0x00, 0x00,  // 0xB5
	0x08, 0x00, 0x00, 0xF0, 0x00, 0xF8, 0x00, 0xF8, 0x3F, 0x08, 0x00, 0x08, 0x00, 0xF8, 0x3F, 0x00, 0x00, 0x00, 0x00, 0x00, 0x00, 0x00, 0x00, 0x00, 0x00, 0x00, 0x00,  // 0xB6
	0x03, 0x00, 0x00, 0x80, 0x01, 0x00, 0x00, 0x00, 0x00, 0x00, 0x00, 0x00, 0x00, 0x00, 0x00, 0x00, 0x00, 0x00, 0x00, 0x00, 0x00, 0x00, 0x00, 0x00, 0x00, 0x00, 0x00,  // 0xB7
	0x05, 0x00, 0x00, 0x00, 0x20, 0x00, 0x30, 0x00, 0x00, 0x00, 0x00, 0x00, 0x00, 0x00, 0x00, 0x00, 0x00, 0x00, 0x00, 0x00, 0x00, 0x00, 0x00, 0x00, 0x00, 0x00, 0x00,  // 0xB8
	0x05, 0x00, 0x00, 0x10, 0x00, 0xF8, 0x00, 0x00, 0x00, 0x00, 0x00, 0x00, 0x00, 0x00, 0x00, 0x00, 0x00, 0x00, 0x00, 0x00, 0x00, 0x00, 0x00, 0x00, 0x00, 0x00, 0x00,  // 0xB9
	0x06, 0x00, 0x00, 0x70, 0x00, 0x88, 0x00, 0x88, 0x00, 0x70, 0x00, 0x00, 0x00, 0x00, 0x00, 0x00, 0x00, 0x00, 0x00, 0x00, 0x00, 0x00, 0x00, 0x00, 0x00, 0x00, 0x00,  // 0xBA
	0x07, 0x40, 0x04, 0x80, 0x02, 0x00, 0x01, 0x40, 0x04, 0x80, 0x02, 0x00, 0x01, 0x00, 0x00, 0x00, 0x00, 0x00, 0x00, 0x00, 0x00, 0x00, 0x00, 0x00, 0x00, 0x00, 0x00,  // 0xBB
	0x0D, 0x00, 0x00, 0x10, 0x00, 0xF8, 0x00, 0x00, 0x08, 0x00, 0x06, 0x80, 0x01, 0x40, 0x00, 0x30, 0x06, 0x08, 0x05, 0x80, 0x04, 0x80, 0x0F, 0x00, 0x04, 0x00, 0x00,  // 0xBC
	0x0C, 0x00, 0x00, 0x10, 0x00, 0xF8, 0x08, 0x00, 0x06, 0x80, 0x01, 0x40, 0x00, 0x30, 0x00, 0x08, 0x09, 0x80, 0x0C, 0x80, 0x0A, 0x00, 0x09, 0x00, 0x00, 0x00, 0x00,  // 0xBD
	0x0D, 0x88, 0x00, 0xA8, 0x00, 0xA8, 0x00, 0x50, 0x08, 0x00, 0x06, 0x80, 0x01, 0x40, 0x00, 0x30, 0x06, 0x08, 0x05, 0x80, 0x04, 0x80, 0x0F, 0x00, 0x04, 0x00, 0x00,  // 0xBE
	0x06, 0x00, 0x00, 0x00, 0x18, 0x00, 0x24, 0x60, 0x23, 0x00, 0x20, 0x00, 0x00, 0x00, 0x00, 0x00, 0x00, 0x00, 0x00, 0x00, 0x00, 0x00, 0x00, 0x00, 0x00, 0x00, 0x00,  // 0xBF
	0x0A, 0x00, 0x08, 0x00, 0x06, 0xC0, 0x03, 0x31, 0x02, 0x0A, 0x02, 0x30, 0x02, 0xC0, 0x03, 0x00, 0x06, 0x00, 0x08, 0x00, 0x00, 0x00, 0x00, 0x00, 0x00, 0x00, 0x00,  // 0xC0
	0x0A, 0x00, 0x08, 0x00, 0x06, 0xC0, 0x03, 0x30, 0x02, 0x0A, 0x02, 0x31, 0x02, 0xC0, 0x03, 0x00, 0x06, 0x00, 0x08, 0x00, 0x00, 0x00, 0x00, 0x00, 0x00, 0x00, 0x00,  // 0xC1
	0x0A, 0x00, 0x08, 0x00, 0x06, 0xC0, 0x03, 0x32, 0x02, 0x09, 0x02, 0x32, 0x02, 0xC0, 0x03, 0x00, 0x06, 0x00, 0x08, 0x00, 0x00, 0x00, 0x00, 0x00, 0x00, 0x00, 0x00,  // 0xC2
	0x0A, 0x00, 0x08, 0x00, 0x06, 0xC0, 0x03, 0x32, 0x02, 0x09, 0x02, 0x32, 0x02, 0xC1, 0x03, 0x00, 0x06, 0x00, 0x08, 0x00, 0x00, 0x00, 0x00, 0x00, 0x00, 0x00, 0x00,  // 0xC3
	0x0A, 0x00, 0x08, 0x00, 0x06, 0xC0, 0x03, 0x33, 0x02, 0x08, 0x02, 0x33, 0x02, 0xC0, 0x03, 0x00, 0x06, 0x00, 0x08, 0x00, 0x00, 0x00, 0x00, 0x00, 0x00, 0x00, 0x00,  // 0xC4
	0x0A, 0x00, 0x08, 0x00, 0x06, 0xC0, 0x03, 0x34, 0x02, 0x0A, 0x02, 0x34, 0x02, 0xC0, 0x03, 0x00, 0x06, 0x00, 0x08, 0x00, 0x00, 0x00, 0x00, 0x00, 0x00, 0x00, 0x00,  // 0xC5
	0x0D, 0x00, 0x08, 0x00, 0x04, 0x00, 0x02, 0x80, 0x03, 0x40, 0x02, 0x20, 0x02, 0x10, 0x02, 0xF8, 0x0F, 0x88, 0x08, 0x88, 0x08, 0x88, 0x08, 0x08, 0x08, 0x00, 0x00,  // 0xC6
	0x09, 0x00, 0x00, 0xE0, 0x03, 0x10, 0x04, 0x08, 0x08, 0x08, 0x18, 0x08, 0x28, 0x08, 0x08, 0x10, 0x04, 0x00, 0x00, 0x00, 0x00, 0x00, 0x00, 0x00, 0x00, 0x00, 0x00,  // 0xC7
	0x07, 0x00, 0x00, 0xF8, 0x0F, 0x89, 0x08, 0x8A, 0x08, 0x88, 0x08, 0x08, 0x08, 0x00, 0x00, 0x00, 0x00, 0x00, 0x00, 0x00, 0x00, 0x00, 0x00, 0x00, 0x00, 0x00, 0x00,  // 0xC8
	0x07, 0x00, 0x00, 0xF8, 0x0F, 0x88, 0x08, 0x8A, 0x08, 0x89, 0x08, 0x08, 0x08, 0x00, 0x00, 0x00, 0x00, 0x00, 0x00, 0x00, 0x00, 0x00, 0x00, 0x00, 0x00, 0x00, 0x00,  // 0xC9
	0x07, 0x00, 0x00, 0xF8, 0x0F, 0x8A, 0x08, 0x89, 0x08, 0x8A, 0x08, 0x08, 0x08, 0x00, 0x00, 0x00, 0x00, 0x00, 0x00, 0x00, 0x00, 0x00, 0x00, 0x00, 0x00, 0x00, 0x00,  // 0xCA
	0x07, 0x00, 0x00, 0xF8, 0x0F, 0x8B, 0x08, 0x88, 0x08, 0x8B, 0x08, 0x08, 0x08, 0x00, 0x00, 0x00, 0x00, 0x00, 0x00, 0x00, 0x00, 0x00, 0x00, 0x00, 0x00, 0x00, 0x00,  // 0xCB
	0x03, 0x01, 0x00, 0xFA, 0x0F, 0x00, 0x00, 0x00, 0x00, 0x00, 0x00, 0x00, 0x00, 0x00, 0x00, 0x00, 0x00, 0x00, 0x00, 0x00, 0x00, 0x00, 0x00, 0x00, 0x00, 0x00, 0x00,  // 0xCC
	0x04, 0x00, 0x00, 0xFA, 0x0F, 0x01, 0x00, 0x00, 0x00, 0x00, 0x00, 0x00, 0x00, 0x00, 0x00, 0x00, 0x00, 0x00, 0x00, 0x00, 0x00, 0x00, 0x00, 0x00, 0x00, 0x00, 0x00,  // 0xCD
	0x04, 0x02, 0x00, 0xF9, 0x0F, 0x02, 0x00, 0x00, 0x00, 0x00, 0x00, 0x00, 0x00, 0x00, 0x00, 0x00, 0x00, 0x00, 0x00, 0x00, 0x00, 0x00, 0x00, 0x00, 0x00, 0x00, 0x00,  // 0xCE
	0x04, 0x03, 0x00, 0xF8, 0x0F, 0x03, 0x00, 0x00, 0x00, 0x00, 0x00, 0x00, 0x00, 0x00, 0x00, 0x00, 0x00, 0x00, 0x00, 0x00, 0x00, 0x00, 0x00, 0x00, 0x00, 0x00, 0x00,  // 0xCF
	0x09, 0x80, 0x00, 0xF8, 0x0F, 0x88, 0x08, 0x88, 0x08, 0x08, 0x08, 0x08, 0x08, 0x10, 0x04, 0xE0, 0x03, 0x00, 0x00, 0x00, 0x00, 0x00, 0x00, 0x00, 0x00, 0x00, 0x00,  // 0xD0
	0x09, 0x00, 0x00, 0xF8, 0x0F, 0x10, 0x00, 0x62, 0x00, 0xC1, 0x00, 0x02, 0x03, 0x01, 0x04, 0xF8, 0x0F, 0x00, 0x00, 0x00, 0x00, 0x00, 0x00, 0x00, 0x00, 0x00, 0x00,  // 0xD1
	0x0A, 0x00, 0x00, 0xE0, 0x03, 0x10, 0x04, 0x08, 0x08, 0x09, 0x08, 0x0A, 0x08, 0x08, 0x08, 0x10, 0x04, 0xE0, 0x03, 0x00, 0x00, 0x00, 0x00, 0x00, 0x00, 0x00, 0x00,  // 0xD2
	0x0A, 0x00, 0x00, 0xE0, 0x03, 0x10, 0x04, 0x08, 0x08, 0x0A, 0x08, 0x09, 0x08, 0x08, 0x08, 0x10, 0x04, 0xE0, 0x03, 0x00, 0x00, 0x00, 0x00, 0x00, 0x00, 0x00, 0x00,  // 0xD3
	0x0A, 0x00, 0x00, 0xE0, 0x03, 0x10, 0x04, 0x0A, 0x08, 0x09, 0x08, 0x0A, 0x08, 0x08, 0x08, 0x10, 0x04, 0xE0, 0x03, 0x00, 0x00, 0x00, 0x00, 0x00, 0x00, 0x00, 0x00,  // 0xD4
	0x0A, 0x00, 0x00, 0xE0, 0x03, 0x10, 0x04, 0x0A, 0x08, 0x09, 0x08, 0x0A, 0x08, 0x09, 0x08, 0x10, 0x04, 0xE0, 0x03, 0x00, 0x00, 0x00, 0x00, 0x00, 0x00, 0x00, 0x00,  // 0xD5
	0x0A, 0x00, 0x00, 0xE0, 0x03, 0x10, 0x04, 0x0B, 0x08, 0x08, 0x08, 0x0B, 0x08, 0x08, 0x08, 0x10, 0x04, 0xE0, 0x03, 0x00, 0x00, 0x00, 0x00, 0x00, 0x00, 0x00, 0x00,  // 0xD6
	0x07, 0x00, 0x00, 0x40, 0x04, 0x80, 0x02, 0x00, 0x01, 0x80, 0x02, 0x40, 0x04, 0x00, 0x00, 0x00, 0x00, 0x00, 0x00, 0x00, 0x00, 0x00, 0x00, 0x00, 0x00, 0x00, 0x00,  // 0xD7
	0x0A, 0x00, 0x00, 0xE0, 0x0B, 0x10, 0x04, 0x08, 0x0A, 0x88, 0x09, 0xC8, 0x08, 0x28, 0x08, 0x10, 0x04, 0xE8, 0x03, 0x00, 0x00, 0x00, 0x00, 0x00, 0x00, 0x00, 0x00,  // 0xD8
	0x09, 0x00, 0x00, 0xF8, 0x03, 0x00, 0x04, 0x01, 0x08, 0x02, 0x08, 0x00, 0x08, 0x00, 0x04, 0xF8, 0x03, 0x00, 0x00, 0x00, 0x00, 0x00, 0x00, 0x00, 0x00, 0x00, 0x00,  // 0xD9
	0x09, 0x00, 0x00, 0xF8, 0x03, 0x00, 0x04, 0x00, 0x08, 0x02, 0x08, 0x01, 0x08, 0x00, 0x04, 0xF8, 0x03, 0x00, 0x00, 0x00, 0x00, 0x00, 0x00, 0x00, 0x00, 0x00, 0x00,  // 0xDA
	0x09, 0x00, 0x00, 0xF8, 0x03, 0x00, 0x04, 0x02, 0x08, 0x01, 0x08, 0x02, 0x08, 0x00, 0x04, 0xF8, 0x03, 0x00, 0x00, 0x00, 0x00, 0x00, 0x00, 0x00, 0x00, 0x00, 0x00,  // 0xDB
	0x09, 0x00, 0x00, 0xF8, 0x03, 0x00, 0x04, 0x03, 0x08, 0x00, 0x08, 0x03, 0x08, 0x00, 0x04, 0xF8, 0x03, 0x00, 0x00, 0x00, 0x00, 0x00, 0x00, 0x00, 0x00, 0x00, 0x00,  // 0xDC
	0x08, 0x08, 0x00, 0x30, 0x00, 0x40, 0x00, 0x82, 0x0F, 0x41, 0x00, 0x30, 0x00, 0x08, 0x00, 0x00, 0x00, 0x00, 0x00, 0x00, 0x00, 0x00, 0x00, 0x00, 0x00, 0x00, 0x00,  // 0xDD
	0x08, 0x00, 0x00, 0xF8, 0x0F, 0x20, 0x02, 0x20, 0x02, 0x20, 0x02, 0x20, 0x02, 0xC0, 0x01, 0x00, 0x00, 0x00, 0x00, 0x00, 0x00, 0x00, 0x00, 0x00, 0x00, 0x00, 0x00,  // 0xDE
	0x08, 0x00, 0x00, 0xF8, 0x0F, 0x04, 0x00, 0xC4, 0x08, 0x24, 0x09, 0x18, 0x09, 0x00, 0x06, 0x00, 0x00, 0x00, 0x00, 0x00, 0x00, 0x00, 0x00, 0x00, 0x00, 0x00, 0x00,  // 0xDF
	0x07, 0x00, 0x00, 0x00, 0x06, 0x24, 0x09, 0x28, 0x09, 0x20, 0x09, 0xC0, 0x0F, 0x00, 0x00, 0x00, 0x00, 0x00, 0x00, 0x00, 0x00, 0x00, 0x00, 0x00, 0x00, 0x00, 0x00,  // 0xE0
	0x07, 0x00, 0x00, 0x00, 0x06, 0x20, 0x09, 0x28, 0x09, 0x24, 0x09, 0xC0, 0x0F, 0x00, 0x00, 0x00, 0x00, 0x00, 0x00, 0x00, 0x00, 0x00, 0x00, 0x00, 0x00, 0x00, 0x00,  // 0xE1
	0x07, 0x00, 0x00, 0x00, 0x06, 0x28, 0x09, 0x24, 0x09, 0x28, 0x09, 0xC0, 0x0F, 0x00, 0x00, 0x00, 0x00, 0x00, 0x00, 0x00, 0x00, 0x00, 0x00, 0x00, 0x00, 0x00, 0x00,  // 0xE2
	0x07, 0x00, 0x00, 0x00, 0x06, 0x28, 0x09, 0x24, 0x09, 0x28, 0x09, 0xC4, 0x0F, 0x00, 0x00, 0x00, 0x00, 0x00, 0x00, 0x00, 0x00, 0x00, 0x00, 0x00, 0x00, 0x00, 0x00,  // 0xE3
	0x07, 0x00, 0x00, 0x00, 0x06, 0x2C, 0x09, 0x20, 0x09, 0x2C, 0x09, 0xC0, 0x0F, 0x00, 0x00, 0x00, 0x00, 0x00, 0x00, 0x00, 0x00, 0x00, 0x00, 0x00, 0x00, 0x00, 0x00,  // 0xE4
	0x07, 0x00, 0x00, 0x00, 0x06, 0x24, 0x09, 0x2A, 0x09, 0x24, 0x09, 0xC0, 0x0F, 0x00, 0x00, 0x00, 0x00, 0x00, 0x00, 0x00, 0x00, 0x00, 0x00, 0x00, 0x00, 0x00, 0x00,  // 0xE5
	0x0B, 0x00, 0x00, 0x00, 0x06, 0x20, 0x09, 0x20, 0x09, 0x20, 0x09, 0xC0, 0x07, 0x20, 0x09, 0x20, 0x09, 0x20, 0x09, 0xC0, 0x09, 0x00, 0x00, 0x00, 0x00, 0x00, 0x00,  // 0xE6
	0x07, 0x00, 0x00, 0xC0, 0x07, 0x20, 0x08, 0x20, 0x18, 0x20, 0x28, 0x20, 0x08, 0x00, 0x00, 0x00, 0x00, 0x00, 0x00, 0x00, 0x00, 0x00, 0x00, 0x00, 0x00, 0x00, 0x00,  // 0xE7
	0x08, 0x00, 0x00, 0xC0, 0x07, 0x20, 0x09, 0x24, 0x09, 0x28, 0x09, 0x20, 0x09, 0xC0, 0x09, 0x00, 0x00, 0x00, 0x00, 0x00, 0x00, 0x00, 0x00, 0x00, 0x00, 0x00, 0x00,  // 0xE8
	0x08, 0x00, 0x00, 0xC0, 0x07, 0x20, 0x09, 0x28, 0x09, 0x24, 0x09, 0x20, 0x09, 0xC0, 0x09, 0x00, 0x00, 0x00, 0x00, 0x00, 0x00, 0x00, 0x00, 0x00, 0x00, 0x00, 0x00,  // 0xE9
	0x08, 0x00, 0x00, 0xC0, 0x07, 0x20, 0x09, 0x28, 0x09, 0x24, 0x09, 0x28, 0x09, 0xC0, 0x09, 0x00, 0x00, 0x00, 0x00, 0x00, 0x00, 0x00, 0x00, 0x00, 0x00, 0x00, 0x00,  // 0xEA
	0x08, 0x00, 0x00, 0xC0, 0x07, 0x20, 0x09, 0x2C, 0x09, 0x20, 0x09, 0x2C, 0x09, 0xC0, 0x09, 0x00, 0x00, 0x00, 0x00, 0x00, 0x00, 0x00, 0x00, 0x00, 0x00, 0x00, 0x00,  // 0xEB
	0x03, 0x04, 0x00, 0xE8, 0x0F, 0x00, 0x00, 0x00, 0x00, 0x00, 0x00, 0x00, 0x00, 0x00, 0x00, 0x00, 0x00, 0x00, 0x00, 0x00, 0x00, 0x00, 0x00, 0x00, 0x00, 0x00, 0x00,  // 0xEC
	0x04, 0x00, 0x00, 0xE8, 0x0F, 0x04, 0x00, 0x00, 0x00, 0x00, 0x00, 0x00, 0x00, 0x00, 0x00, 0x00, 0x00, 0x00, 0x00, 0x00, 0x00, 0x00, 0x00, 0x00, 0x00, 0x00, 0x00,  // 0xED
	0x04, 0x08, 0x00, 0xE4, 0x0F, 0x08, 0x00, 0x00, 0x00, 0x00, 0x00, 0x00, 0x00, 0x00, 0x00, 0x00, 0x00, 0x00, 0x00, 0x00, 0x00, 0x00, 0x00, 0x00, 0x00, 0x00, 0x00,  // 0xEE
	0x04, 0x0C, 0x00, 0xE0, 0x0F, 0x0C, 0x00, 0x00, 0x00, 0x00, 0x00, 0x00, 0x00, 0x00, 0x00, 0x00, 0x00, 0x00, 0x00, 0x00, 0x00, 0x00, 0x00, 0x00, 0x00, 0x00, 0x00,  // 0xEF
	0x09, 0x00, 0x00, 0x80, 0x03, 0x40, 0x04, 0x24, 0x08, 0x2C, 0x08, 0x48, 0x04, 0xF4, 0x03, 0x04, 0x00, 0x00, 0x00, 0x00, 0x00, 0x00, 0x00, 0x00, 0x00, 0x00, 0x00,  // 0xF0
	0x07, 0x00, 0x00, 0xE0, 0x0F, 0x28, 0x00, 0x24, 0x00, 0x28, 0x00, 0xC4, 0x0F, 0x00, 0x00, 0x00, 0x00, 0x00, 0x00, 0x00, 0x00, 0x00, 0x00, 0x00, 0x00, 0x00, 0x00,  // 0xF1
	0x08, 0x00, 0x00, 0xC0, 0x07, 0x20, 0x08, 0x24, 0x08, 0x28, 0x08, 0x20, 0x08, 0xC0, 0x07, 0x00, 0x00, 0x00, 0x00, 0x00, 0x00, 0x00, 0x00, 0x00, 0x00, 0x00, 0x00,  // 0xF2
	0x08, 0x00, 0x00, 0xC0, 0x07, 0x20, 0x08, 0x28, 0x08, 0x24, 0x08, 0x20, 0x08, 0xC0, 0x07, 0x00, 0x00, 0x00, 0x00, 0x00, 0x00, 0x00, 0x00, 0x00, 0x00, 0x00, 0x00,  // 0xF3
	0x08, 0x00, 0x00, 0xC0, 0x07, 0x20, 0x08, 0x28, 0x08, 0x24, 0x08, 0x28, 0x08, 0xC0, 0x07, 0x00, 0x00, 0x00, 0x00, 0x00, 0x00, 0x00, 0x00, 0x00, 0x00, 0x00, 0x00,  // 0xF4
	0x08, 0x00, 0x00, 0xC0, 0x07, 0x28, 0x08, 0x24, 0x08, 0x28, 0x08, 0x24, 0x08, 0xC0, 0x07, 0x00, 0x00, 0x00, 0x00, 0x00, 0x00, 0x00, 0x00, 0x00, 0x00, 0x00, 0x00,  // 0xF5
	0x08, 0x00, 0x00, 0xC0, 0x07, 0x20, 0x08, 0x2C, 0x08, 0x20, 0x08, 0x2C, 0x08, 0xC0, 0x07, 0x00, 0x00, 0x00, 0x00, 0x00, 0x00, 0x00, 0x00, 0x00, 0x00, 0x00, 0x00,  // 0xF6
	0x07, 0x00, 0x00, 0x00, 0x01, 0x00, 0x01, 0x60, 0x0D, 0x00, 0x01, 0x00, 0x01, 0x00, 0x00, 0x00, 0x00, 0x00, 0x00, 0x00, 0x00, 0x00, 0x00, 0x00, 0x00, 0x00, 0x00,  // 0xF7
	0x08, 0x00, 0x00, 0xC0, 0x0F, 0x20, 0x04, 0x20, 0x0A, 0xA0, 0x09, 0x40, 0x08, 0xE0, 0x07, 0x00, 0x00, 0x00, 0x00, 0x00, 0x00, 0x00, 0x00, 0x00, 0x00, 0x00, 0x00,  // 0xF8
	0x07, 0x00, 0x00, 0xE0, 0x07, 0x04, 0x08, 0x08, 0x08, 0x00, 0x08, 0xE0, 0x0F, 0x00, 0x00, 0x00, 0x00, 0x00, 0x00, 0x00, 0x00, 0x00, 0x00, 0x00, 0x00, 0x00, 0x00,  // 0xF9
	0x07, 0x00, 0x00, 0xE0, 0x07, 0x00, 0x08, 0x08, 0x08, 0x04, 0x08, 0xE0, 0x0F, 0x00, 0x00, 0x00, 0x00, 0x00, 0x00, 0x00, 0x00, 0x00, 0x00, 0x00, 0x00, 0x00, 0x00,  // 0xFA
	0x07, 0x00, 0x00, 0xE0, 0x07, 0x08, 0x08, 0x04, 0x08, 0x08, 0x08, 0xE0, 0x0F, 0x00, 0x00, 0x00, 0x00, 0x00, 0x00, 0x00, 0x00, 0x00, 0x00, 0x00, 0x00, 0x00, 0x00,  // 0xFB
	0x07, 0x00, 0x00, 0xE0, 0x07, 0x0C, 0x08, 0x00, 0x08, 0x0C, 0x08, 0xE0, 0x0F, 0x00, 0x00, 0x00, 0x00, 0x00, 0x00, 0x00, 0x00, 0x00, 0x00, 0x00, 0x00, 0x00, 0x00,  // 0xFC
	0x08, 0x20, 0x20, 0xC0, 0x20, 0x00, 0x23, 0x08, 0x1C, 0x04, 0x03, 0xC0, 0x00, 0x20, 0x00, 0x00, 0x00, 0x00, 0x00, 0x00, 0x00, 0x00, 0x00, 0x00, 0x00, 0x00, 0x00,  // 0xFD
	0x08, 0x00, 0x00, 0xFC, 0x3F, 0x20, 0x08, 0x20, 0x08, 0x20, 0x08, 0x20, 0x08, 0xC0, 0x07, 0x00, 0x00, 0x00, 0x00, 0x00, 0x00, 0x00, 0x00, 0x00, 0x00, 0x00, 0x00,  // 0xFE
	0x08, 0x20, 0x20, 0xC0, 0x20, 0x0C, 0x23, 0x00, 0x1C, 0x0C, 0x03, 0xC0, 0x00, 0x20, 0x00, 0x00, 0x00, 0x00, 0x00, 0x00, 0x00, 0x00, 0x00, 0x00, 0x00, 0x00, 0x00,  // 0xFF
};

const struct GDS_FontDef Font_ubuntu_14 = {
	Font_ubuntu_14_data,
	13,
	14,
	' ',
	'\xFF',
	false
};

static const uint8_t Font_ubuntu_24_data[] = {
	0x05, 0x00, 0x00, 0x00, 0x00, 0x00, 0x00, 0x00, 0x00, 0x00, 0x00, 0x00, 0x00, 0x00, 0x00, 0x00, 0x00, 0x00, 0x00, 0x00, 0x00, 0x00, 0x00, 0x00, 0x00, 0x00, 0x00, 0x00, 0x00, 0x00, 0x00, 0x00, 0x00, 0x00, 0x00, 0x00, 0x00, 0x00, 0x00, 0x00, 0x00, 0x00, 0x00, 0x00, 0x00, 0x00, 0x00, 0x00, 0x00, 0x00, 0x00, 0x00, 0x00, 0x00, 0x00, 0x00, 0x00, 0x00, 0x00, 0x00, 0x00, 0x00, 0x00, 0x00,  // 0x20
	0x06, 0x00, 0x00, 0x00, 0x00, 0x00, 0x00, 0xE0, 0x7F, 0x0E, 0xE0, 0x7F, 0x0E, 0x00, 0x00, 0x00, 0x00, 0x00, 0x00, 0x00, 0x00, 0x00, 0x00, 0x00, 0x00, 0x00, 0x00, 0x00, 0x00, 0x00, 0x00, 0x00, 0x00, 0x00, 0x00, 0x00, 0x00, 0x00, 0x00, 0x00, 0x00, 0x00, 0x00, 0x00, 0x00, 0x00, 0x00, 0x00, 0x00, 0x00, 0x00, 0x00, 0x00, 0x00, 0x00, 0x00, 0x00, 0x00, 0x00, 0x00, 0x00, 0x00, 0x00, 0x00,  // !
	0x09, 0x00, 0x00, 0x00, 0x00, 0x00, 0x00, 0xF8, 0x01, 0x00, 0xF8, 0x01, 0x00, 0x00, 0x00, 0x00, 0x00, 0x00, 0x00, 0xF8, 0x01, 0x00, 0xF8, 0x01, 0x00, 0x00, 0x00, 0x00, 0x00, 0x00, 0x00, 0x00, 0x00, 0x00, 0x00, 0x00, 0x00, 0x00, 0x00, 0x00, 0x00, 0x00, 0x00, 0x00, 0x00, 0x00, 0x00, 0x00, 0x00, 0x00, 0x00, 0x00, 0x00, 0x00, 0x00, 0x00, 0x00, 0x00, 0x00, 0x00, 0x00, 0x00, 0x00, 0x00,  // "
	0x0F, 0x00, 0x00, 0x00, 0x00, 0xC6, 0x00, 0x00, 0xC6, 0x0E, 0x00, 0xF6, 0x0F, 0x00, 0xFF, 0x03, 0xE0, 0xDF, 0x00, 0xE0, 0xC6, 0x00, 0x00, 0xC6, 0x00, 0x00, 0xC6, 0x0E, 0x00, 0xF6, 0x0F, 0x80, 0xFF, 0x01, 0xE0, 0xDF, 0x00, 0xE0, 0xC6, 0x00, 0x00, 0xC6, 0x00, 0x00, 0x00, 0x00, 0x00, 0x00, 0x00, 0x00, 0x00, 0x00, 0x00, 0x00, 0x00, 0x00, 0x00, 0x00, 0x00, 0x00, 0x00, 0x00, 0x00, 0x00,  // #
	0x0C, 0x00, 0x00, 0x00, 0x80, 0x07, 0x06, 0xC0, 0x0F, 0x0C, 0xE0, 0x0C, 0x0C, 0x60, 0x18, 0x0C, 0x78, 0x18, 0x7C, 0x78, 0x30, 0x7C, 0x60, 0x30, 0x0C, 0x60, 0x60, 0x0E, 0xE0, 0xE0, 0x07, 0x00, 0xC0, 0x03, 0x00, 0x00, 0x00, 0x00, 0x00, 0x00, 0x00, 0x00, 0x00, 0x00, 0x00, 0x00, 0x00, 0x00, 0x00, 0x00, 0x00, 0x00, 0x00, 0x00, 0x00, 0x00, 0x00, 0x00, 0x00, 0x00, 0x00, 0x00, 0x00, 0x00,  // $
	0x13, 0x00, 0x00, 0x00, 0x80, 0x0F, 0x00, 0xC0, 0x1F, 0x00, 0xE0, 0x38, 0x00, 0x60, 0x30, 0x08, 0x60, 0x30, 0x0E, 0xE0, 0x38, 0x07, 0xC0, 0xDF, 0x03, 0x80, 0xFF, 0x00, 0x00, 0x38, 0x00, 0x00, 0xFE, 0x03, 0x80, 0xF7, 0x07, 0xC0, 0x39, 0x0E, 0xE0, 0x18, 0x0C, 0x20, 0x18, 0x0C, 0x00, 0x38, 0x0E, 0x00, 0xF0, 0x07, 0x00, 0xE0, 0x03, 0x00, 0x00, 0x00, 0x00, 0x00, 0x00, 0x00, 0x00, 0x00,  // %
	0x0F, 0x00, 0x00, 0x00, 0x00, 0xC0, 0x03, 0x00, 0xE0, 0x07, 0x80, 0x67, 0x0E, 0xC0, 0x3F, 0x0C, 0xE0, 0x1C, 0x0C, 0x60, 0x38, 0x0C, 0x60, 0x68, 0x0C, 0x60, 0xCC, 0x0C, 0xC0, 0x87, 0x05, 0x80, 0x03, 0x07, 0x00, 0x80, 0x07, 0x00, 0xE0, 0x0C, 0x00, 0x60, 0x08, 0x00, 0x00, 0x00, 0x00, 0x00, 0x00, 0x00, 0x00, 0x00, 0x00, 0x00, 0x00, 0x00, 0x00, 0x00, 0x00, 0x00, 0x00, 0x00, 0x00, 0x00,  // &
	0x05, 0x00, 0x00, 0x00, 0x00, 0x00, 0x00, 0xF8, 0x01, 0x00, 0xF8, 0x01, 0x00, 0x00, 0x00, 0x00, 0x00, 0x00, 0x00, 0x00, 0x00, 0x00, 0x00, 0x00, 0x00, 0x00, 0x00, 0x00, 0x00, 0x00, 0x00, 0x00, 0x00, 0x00, 0x00, 0x00, 0x00, 0x00, 0x00, 0x00, 0x00, 0x00, 0x00, 0x00, 0x00, 0x00, 0x00, 0x00, 0x00, 0x00, 0x00, 0x00, 0x00, 0x00, 0x00, 0x00, 0x00, 0x00, 0x00, 0x00, 0x00, 0x00, 0x00, 0x00,  // '
	0x08, 0x00, 0x00, 0x00, 0x00, 0x00, 0x00, 0x00, 0xFC, 0x01, 0x80, 0xFF, 0x0F, 0xE0, 0x01, 0x3C, 0x30, 0x00, 0x60, 0x18, 0x00, 0xC0, 0x00, 0x00, 0x00, 0x00, 0x00, 0x00, 0x00, 0x00, 0x00, 0x00, 0x00, 0x00, 0x00, 0x00, 0x00, 0x00, 0x00, 0x00, 0x00, 0x00, 0x00, 0x00, 0x00, 0x00, 0x00, 0x00, 0x00, 0x00, 0x00, 0x00, 0x00, 0x00, 0x00, 0x00, 0x00, 0x00, 0x00, 0x00, 0x00, 0x00, 0x00, 0x00,  // (
	0x07, 0x18, 0x00, 0xC0, 0x30, 0x00, 0x60, 0xE0, 0x01, 0x3C, 0x80, 0xFF, 0x0F, 0x00, 0xFC, 0x01, 0x00, 0x00, 0x00, 0x00, 0x00, 0x00, 0x00, 0x00, 0x00, 0x00, 0x00, 0x00, 0x00, 0x00, 0x00, 0x00, 0x00, 0x00, 0x00, 0x00, 0x00, 0x00, 0x00, 0x00, 0x00, 0x00, 0x00, 0x00, 0x00, 0x00, 0x00, 0x00, 0x00, 0x00, 0x00, 0x00, 0x00, 0x00, 0x00, 0x00, 0x00, 0x00, 0x00, 0x00, 0x00, 0x00, 0x00, 0x00,  // )
	0x0B, 0x00, 0x00, 0x00, 0x80, 0x01, 0x00, 0x80, 0x09, 0x00, 0x00, 0x1D, 0x00, 0x00, 0x0D, 0x00, 0xE0, 0x03, 0x00, 0x00, 0x0D, 0x00, 0x00, 0x1D, 0x00, 0x80, 0x09, 0x00, 0x80, 0x01, 0x00, 0x00, 0x00, 0x00, 0x00, 0x00, 0x00, 0x00, 0x00, 0x00, 0x00, 0x00, 0x00, 0x00, 0x00, 0x00, 0x00, 0x00, 0x00, 0x00, 0x00, 0x00, 0x00, 0x00, 0x00, 0x00, 0x00, 0x00, 0x00, 0x00, 0x00, 0x00, 0x00, 0x00,  // *
	0x0C, 0x00, 0x00, 0x00, 0x00, 0x30, 0x00, 0x00, 0x30, 0x00, 0x00, 0x30, 0x00, 0x00, 0x30, 0x00, 0x00, 0xFF, 0x03, 0x00, 0xFF, 0x03, 0x00, 0x30, 0x00, 0x00, 0x30, 0x00, 0x00, 0x30, 0x00, 0x00, 0x30, 0x00, 0x00, 0x00, 0x00, 0x00, 0x00, 0x00, 0x00, 0x00, 0x00, 0x00, 0x00, 0x00, 0x00, 0x00, 0x00, 0x00, 0x00, 0x00, 0x00, 0x00, 0x00, 0x00, 0x00, 0x00, 0x00, 0x00, 0x00, 0x00, 0x00, 0x00,  // +
	0x05, 0x00, 0x00, 0x00, 0x00, 0x00, 0xC0, 0x00, 0x00, 0xFE, 0x00, 0x00, 0x1E, 0x00, 0x00, 0x00, 0x00, 0x00, 0x00, 0x00, 0x00, 0x00, 0x00, 0x00, 0x00, 0x00, 0x00, 0x00, 0x00, 0x00, 0x00, 0x00, 0x00, 0x00, 0x00, 0x00, 0x00, 0x00, 0x00, 0x00, 0x00, 0x00, 0x00, 0x00, 0x00, 0x00, 0x00, 0x00, 0x00, 0x00, 0x00, 0x00, 0x00, 0x00, 0x00, 0x00, 0x00, 0x00, 0x00, 0x00, 0x00, 0x00, 0x00, 0x00,  // ,
	0x07, 0x00, 0x00, 0x00, 0x00, 0x30, 0x00, 0x00, 0x30, 0x00, 0x00, 0x30, 0x00, 0x00, 0x30, 0x00, 0x00, 0x30, 0x00, 0x00, 0x00, 0x00, 0x00, 0x00, 0x00, 0x00, 0x00, 0x00, 0x00, 0x00, 0x00, 0x00, 0x00, 0x00, 0x00, 0x00, 0x00, 0x00, 0x00, 0x00, 0x00, 0x00, 0x00, 0x00, 0x00, 0x00, 0x00, 0x00, 0x00, 0x00, 0x00, 0x00, 0x00, 0x00, 0x00, 0x00, 0x00, 0x00, 0x00, 0x00, 0x00, 0x00, 0x00, 0x00,  // -
	0x05, 0x00, 0x00, 0x00, 0x00, 0x00, 0x0E, 0x00, 0x00, 0x0E, 0x00, 0x00, 0x0E, 0x00, 0x00, 0x00, 0x00, 0x00, 0x00, 0x00, 0x00, 0x00, 0x00, 0x00, 0x00, 0x00, 0x00, 0x00, 0x00, 0x00, 0x00, 0x00, 0x00, 0x00, 0x00, 0x00, 0x00, 0x00, 0x00, 0x00, 0x00, 0x00, 0x00, 0x00, 0x00, 0x00, 0x00, 0x00, 0x00, 0x00, 0x00, 0x00, 0x00, 0x00, 0x00, 0x00, 0x00, 0x00, 0x00, 0x00, 0x00, 0x00, 0x00, 0x00,  // .
	0x0A, 0x00, 0x00, 0xF0, 0x00, 0x00, 0x7E, 0x00, 0x80, 0x0F, 0x00, 0xF0, 0x03, 0x00, 0x7E, 0x00, 0x80, 0x0F, 0x00, 0xF0, 0x03, 0x00, 0x78, 0x00, 0x00, 0x08, 0x00, 0x00, 0x00, 0x00, 0x00, 0x00, 0x00, 0x00, 0x00, 0x00, 0x00, 0x00, 0x00, 0x00, 0x00, 0x00, 0x00, 0x00, 0x00, 0x00, 0x00, 0x00, 0x00, 0x00, 0x00, 0x00, 0x00, 0x00, 0x00, 0x00, 0x00, 0x00, 0x00, 0x00, 0x00, 0x00, 0x00, 0x00,  // /
	0x0C, 0x00, 0x00, 0x00, 0x00, 0xFE, 0x00, 0x80, 0xFF, 0x03, 0xC0, 0x01, 0x07, 0x60, 0x00, 0x0E, 0x60, 0x00, 0x0C, 0x60, 0x00, 0x0C, 0x60, 0x00, 0x0E, 0xC0, 0x01, 0x07, 0x80, 0xFF, 0x03, 0x00, 0xFE, 0x00, 0x00, 0x00, 0x00, 0x00, 0x00, 0x00, 0x00, 0x00, 0x00, 0x00, 0x00, 0x00, 0x00, 0x00, 0x00, 0x00, 0x00, 0x00, 0x00, 0x00, 0x00, 0x00, 0x00, 0x00, 0x00, 0x00, 0x00, 0x00, 0x00, 0x00,  // 0
	0x0C, 0x00, 0x00, 0x00, 0x00, 0x00, 0x00, 0x00, 0x03, 0x00, 0x80, 0x03, 0x00, 0x80, 0x01, 0x00, 0xC0, 0x01, 0x00, 0xE0, 0xFF, 0x0F, 0xE0, 0xFF, 0x0F, 0x00, 0x00, 0x00, 0x00, 0x00, 0x00, 0x00, 0x00, 0x00, 0x00, 0x00, 0x00, 0x00, 0x00, 0x00, 0x00, 0x00, 0x00, 0x00, 0x00, 0x00, 0x00, 0x00, 0x00, 0x00, 0x00, 0x00, 0x00, 0x00, 0x00, 0x00, 0x00, 0x00, 0x00, 0x00, 0x00, 0x00, 0x00, 0x00,  // 1
	0x0C, 0x00, 0x00, 0x00, 0x00, 0x00, 0x00, 0xC0, 0x00, 0x0E, 0xC0, 0x80, 0x0F, 0x60, 0xC0, 0x0D, 0x60, 0x60, 0x0C, 0x60, 0x70, 0x0C, 0xE0, 0x38, 0x0C, 0xC0, 0x1F, 0x0C, 0x80, 0x07, 0x0C, 0x00, 0x00, 0x0C, 0x00, 0x00, 0x00, 0x00, 0x00, 0x00, 0x00, 0x00, 0x00, 0x00, 0x00, 0x00, 0x00, 0x00, 0x00, 0x00, 0x00, 0x00, 0x00, 0x00, 0x00, 0x00, 0x00, 0x00, 0x00, 0x00, 0x00, 0x00, 0x00, 0x00,  // 2
	0x0C, 0x00, 0x00, 0x00, 0x40, 0x00, 0x06, 0xE0, 0x00, 0x0C, 0x60, 0x00, 0x0C, 0x60, 0x18, 0x0C, 0x60, 0x18, 0x0C, 0xE0, 0x1C, 0x0C, 0xC0, 0x3F, 0x06, 0x80, 0xE7, 0x07, 0x00, 0xC0, 0x03, 0x00, 0x00, 0x00, 0x00, 0x00, 0x00, 0x00, 0x00, 0x00, 0x00, 0x00, 0x00, 0x00, 0x00, 0x00, 0x00, 0x00, 0x00, 0x00, 0x00, 0x00, 0x00, 0x00, 0x00, 0x00, 0x00, 0x00, 0x00, 0x00, 0x00, 0x00, 0x00, 0x00,  // 3
	0x0C, 0x00, 0x00, 0x00, 0x00, 0xE0, 0x00, 0x00, 0xF8, 0x00, 0x00, 0xDC, 0x00, 0x00, 0xC7, 0x00, 0x80, 0xC3, 0x00, 0xC0, 0xC1, 0x00, 0xE0, 0xFF, 0x0F, 0xE0, 0xFF, 0x0F, 0x00, 0xC0, 0x00, 0x00, 0xC0, 0x00, 0x00, 0x00, 0x00, 0x00, 0x00, 0x00, 0x00, 0x00, 0x00, 0x00, 0x00, 0x00, 0x00, 0x00, 0x00, 0x00, 0x00, 0x00, 0x00, 0x00, 0x00, 0x00, 0x00, 0x00, 0x00, 0x00, 0x00, 0x00, 0x00, 0x00,  // 4
	0x0C, 0x00, 0x00, 0x00, 0x00, 0x00, 0x06, 0x00, 0x0C, 0x0C, 0xE0, 0x0F, 0x0C, 0xE0, 0x0F, 0x0C, 0x60, 0x0C, 0x0C, 0x60, 0x1C, 0x0C, 0x60, 0x18, 0x06, 0x60, 0xF8, 0x07, 0x00, 0xE0, 0x03, 0x00, 0x00, 0x00, 0x00, 0x00, 0x00, 0x00, 0x00, 0x00, 0x00, 0x00, 0x00, 0x00, 0x00, 0x00, 0x00, 0x00, 0x00, 0x00, 0x00, 0x00, 0x00, 0x00, 0x00, 0x00, 0x00, 0x00, 0x00, 0x00, 0x00, 0x00, 0x00, 0x00,  // 5
	0x0C, 0x00, 0x00, 0x00, 0x00, 0xFC, 0x01, 0x00, 0xFF, 0x07, 0x80, 0x0B, 0x07, 0xC0, 0x0D, 0x0C, 0xC0, 0x0C, 0x0C, 0x60, 0x0C, 0x0C, 0x60, 0x0C, 0x0C, 0x60, 0x1C, 0x06, 0x60, 0xF8, 0x07, 0x00, 0xF0, 0x01, 0x00, 0x00, 0x00, 0x00, 0x00, 0x00, 0x00, 0x00, 0x00, 0x00, 0x00, 0x00, 0x00, 0x00, 0x00, 0x00, 0x00, 0x00, 0x00, 0x00, 0x00, 0x00, 0x00, 0x00, 0x00, 0x00, 0x00, 0x00, 0x00, 0x00,  // 6
	0x0C, 0x00, 0x00, 0x00, 0x60, 0x00, 0x00, 0x60, 0x00, 0x00, 0x60, 0x00, 0x0E, 0x60, 0xC0, 0x0F, 0x60, 0xF0, 0x01, 0x60, 0x3C, 0x00, 0x60, 0x0E, 0x00, 0x60, 0x03, 0x00, 0xE0, 0x01, 0x00, 0x60, 0x00, 0x00, 0x00, 0x00, 0x00, 0x00, 0x00, 0x00, 0x00, 0x00, 0x00, 0x00, 0x00, 0x00, 0x00, 0x00, 0x00, 0x00, 0x00, 0x00, 0x00, 0x00, 0x00, 0x00, 0x00, 0x00, 0x00, 0x00, 0x00, 0x00, 0x00, 0x00,  // 7
	0x0C, 0x00, 0x00, 0x00, 0x80, 0x87, 0x03, 0xC0, 0xEF, 0x07, 0xC0, 0x2C, 0x0E, 0x60, 0x3C, 0x0C, 0x60, 0x18, 0x0C, 0x60, 0x30, 0x0C, 0x60, 0x38, 0x0C, 0xE0, 0x6C, 0x0E, 0xC0, 0xEF, 0x07, 0x80, 0xC3, 0x03, 0x00, 0x00, 0x00, 0x00, 0x00, 0x00, 0x00, 0x00, 0x00, 0x00, 0x00, 0x00, 0x00, 0x00, 0x00, 0x00, 0x00, 0x00, 0x00, 0x00, 0x00, 0x00, 0x00, 0x00, 0x00, 0x00, 0x00, 0x00, 0x00, 0x00,  // 8
	0x0C, 0x00, 0x00, 0x00, 0x00, 0x0F, 0x00, 0xC0, 0x1F, 0x0C, 0xC0, 0x38, 0x0C, 0x60, 0x30, 0x0C, 0x60, 0x30, 0x0E, 0x60, 0x30, 0x06, 0x60, 0x30, 0x07, 0xC0, 0xF0, 0x03, 0xC0, 0xFF, 0x01, 0x00, 0x7F, 0x00, 0x00, 0x00, 0x00, 0x00, 0x00, 0x00, 0x00, 0x00, 0x00, 0x00, 0x00, 0x00, 0x00, 0x00, 0x00, 0x00, 0x00, 0x00, 0x00, 0x00, 0x00, 0x00, 0x00, 0x00, 0x00, 0x00, 0x00, 0x00, 0x00, 0x00,  // 9
	0x05, 0x00, 0x00, 0x00, 0x00, 0x07, 0x0E, 0x00, 0x07, 0x0E, 0x00, 0x07, 0x0E, 0x00, 0x00, 0x00, 0x00, 0x00, 0x00, 0x00, 0x00, 0x00, 0x00, 0x00, 0x00, 0x00, 0x00, 0x00, 0x00, 0x00, 0x00, 0x00, 0x00, 0x00, 0x00, 0x00, 0x00, 0x00, 0x00, 0x00, 0x00, 0x00, 0x00, 0x00, 0x00, 0x00, 0x00, 0x00, 0x00, 0x00, 0x00, 0x00, 0x00, 0x00, 0x00, 0x00, 0x00, 0x00, 0x00, 0x00, 0x00, 0x00, 0x00, 0x00,  // :
	0x05, 0x00, 0x00, 0x00, 0x00, 0x07, 0xC0, 0x00, 0x07, 0xFE, 0x00, 0x07, 0x1E, 0x00, 0x00, 0x00, 0x00, 0x00, 0x00, 0x00, 0x00, 0x00, 0x00, 0x00, 0x00, 0x00, 0x00, 0x00, 0x00, 0x00, 0x00, 0x00, 0x00, 0x00, 0x00, 0x00, 0x00, 0x00, 0x00, 0x00, 0x00, 0x00, 0x00, 0x00, 0x00, 0x00, 0x00, 0x00, 0x00, 0x00, 0x00, 0x00, 0x00, 0x00, 0x00, 0x00, 0x00, 0x00, 0x00, 0x00, 0x00, 0x00, 0x00, 0x00,  // ;
	0x0C, 0x00, 0x00, 0x00, 0x00, 0x70, 0x00, 0x00, 0x70, 0x00, 0x00, 0xD8, 0x00, 0x00, 0xD8, 0x00, 0x00, 0xD8, 0x00, 0x00, 0x8C, 0x01, 0x00, 0x8C, 0x01, 0x00, 0x8C, 0x01, 0x00, 0x06, 0x03, 0x00, 0x06, 0x03, 0x00, 0x00, 0x00, 0x00, 0x00, 0x00, 0x00, 0x00, 0x00, 0x00, 0x00, 0x00, 0x00, 0x00, 0x00, 0x00, 0x00, 0x00, 0x00, 0x00, 0x00, 0x00, 0x00, 0x00, 0x00, 0x00, 0x00, 0x00, 0x00, 0x00,  // <
	0x0C, 0x00, 0x00, 0x00, 0x00, 0x8C, 0x01, 0x00, 0x8C, 0x01, 0x00, 0x8C, 0x01, 0x00, 0x8C, 0x01, 0x00, 0x8C, 0x01, 0x00, 0x8C, 0x01, 0x00, 0x8C, 0x01, 0x00, 0x8C, 0x01, 0x00, 0x8C, 0x01, 0x00, 0x8C, 0x01, 0x00, 0x00, 0x00, 0x00, 0x00, 0x00, 0x00, 0x00, 0x00, 0x00, 0x00, 0x00, 0x00, 0x00, 0x00, 0x00, 0x00, 0x00, 0x00, 0x00, 0x00, 0x00, 0x00, 0x00, 0x00, 0x00, 0x00, 0x00, 0x00, 0x00,  // =
	0x0C, 0x00, 0x00, 0x00, 0x00, 0x00, 0x00, 0x00, 0x06, 0x03, 0x00, 0x8C, 0x01, 0x00, 0x8C, 0x01, 0x00, 0x8C, 0x01, 0x00, 0xD8, 0x00, 0x00, 0xD8, 0x00, 0x00, 0xD8, 0x00, 0x00, 0x70, 0x00, 0x00, 0x70, 0x00, 0x00, 0x00, 0x00, 0x00, 0x00, 0x00, 0x00, 0x00, 0x00, 0x00, 0x00, 0x00, 0x00, 0x00, 0x00, 0x00, 0x00, 0x00, 0x00, 0x00, 0x00, 0x00, 0x00, 0x00, 0x00, 0x00, 0x00, 0x00, 0x00, 0x00,  // >
	0x09, 0x00, 0x00, 0x00, 0xC0, 0x00, 0x00, 0x60, 0x00, 0x00, 0x60, 0x60, 0x0E, 0x60, 0x78, 0x0E, 0xE0, 0x1C, 0x00, 0xC0, 0x07, 0x00, 0xC0, 0x03, 0x00, 0x00, 0x00, 0x00, 0x00, 0x00, 0x00, 0x00, 0x00, 0x00, 0x00, 0x00, 0x00, 0x00, 0x00, 0x00, 0x00, 0x00, 0x00, 0x00, 0x00, 0x00, 0x00, 0x00, 0x00, 0x00, 0x00, 0x00, 0x00, 0x00, 0x00, 0x00, 0x00, 0x00, 0x00, 0x00, 0x00, 0x00, 0x00, 0x00,  // ?
	0x15, 0x00, 0x00, 0x00, 0x00, 0xFC, 0x03, 0x00, 0xFF, 0x0F, 0x80, 0x07, 0x1E, 0xC0, 0x01, 0x38, 0xE0, 0x00, 0x70, 0x60, 0xF0, 0x60, 0x70, 0xFC, 0x63, 0x30, 0x0C, 0xC3, 0x30, 0x06, 0xC6, 0x30, 0x06, 0xC6, 0x30, 0x06, 0xC6, 0x30, 0x06, 0xC6, 0x30, 0xFE, 0xC3, 0x60, 0xFE, 0xC7, 0x60, 0x00, 0x06, 0xC0, 0x00, 0x06, 0x80, 0x03, 0x07, 0x00, 0xFF, 0x03, 0x00, 0xFC, 0x00, 0x00, 0x00, 0x00,  // @
	0x10, 0x00, 0x00, 0x08, 0x00, 0x00, 0x0F, 0x00, 0xC0, 0x07, 0x00, 0xF0, 0x01, 0x00, 0xFE, 0x00, 0x80, 0xCF, 0x00, 0xE0, 0xC1, 0x00, 0x60, 0xC0, 0x00, 0xE0, 0xC1, 0x00, 0x80, 0xCF, 0x00, 0x00, 0xFE, 0x00, 0x00, 0xF0, 0x01, 0x00, 0xC0, 0x07, 0x00, 0x00, 0x0F, 0x00, 0x00, 0x08, 0x00, 0x00, 0x00, 0x00, 0x00, 0x00, 0x00, 0x00, 0x00, 0x00, 0x00, 0x00, 0x00, 0x00, 0x00, 0x00, 0x00, 0x00,  // A
	0x0E, 0x00, 0x00, 0x00, 0x00, 0x00, 0x00, 0xE0, 0xFF, 0x0F, 0xE0, 0xFF, 0x0F, 0x60, 0x18, 0x0C, 0x60, 0x18, 0x0C, 0x60, 0x18, 0x0C, 0x60, 0x18, 0x0C, 0x60, 0x18, 0x0C, 0xE0, 0x1C, 0x0C, 0xC0, 0x37, 0x06, 0x80, 0xE7, 0x07, 0x00, 0xE0, 0x03, 0x00, 0x00, 0x00, 0x00, 0x00, 0x00, 0x00, 0x00, 0x00, 0x00, 0x00, 0x00, 0x00, 0x00, 0x00, 0x00, 0x00, 0x00, 0x00, 0x00, 0x00, 0x00, 0x00, 0x00,  // B
	0x0E, 0x00, 0x00, 0x00, 0x00, 0xFC, 0x00, 0x00, 0xFF, 0x01, 0x80, 0x83, 0x03, 0xC0, 0x00, 0x06, 0xC0, 0x00, 0x0E, 0x60, 0x00, 0x0C, 0x60, 0x00, 0x0C, 0x60, 0x00, 0x0C, 0x60, 0x00, 0x0C, 0x60, 0x00, 0x0C, 0xE0, 0x00, 0x0C, 0xC0, 0x00, 0x06, 0x00, 0x00, 0x00, 0x00, 0x00, 0x00, 0x00, 0x00, 0x00, 0x00, 0x00, 0x00, 0x00, 0x00, 0x00, 0x00, 0x00, 0x00, 0x00, 0x00, 0x00, 0x00, 0x00, 0x00,  // C
	0x10, 0x00, 0x00, 0x00, 0x00, 0x00, 0x00, 0xE0, 0xFF, 0x0F, 0xE0, 0xFF, 0x0F, 0x60, 0x00, 0x0C, 0x60, 0x00, 0x0C, 0x60, 0x00, 0x0C, 0x60, 0x00, 0x0C, 0x60, 0x00, 0x0C, 0x60, 0x00, 0x0C, 0xC0, 0x00, 0x06, 0xC0, 0x01, 0x07, 0x80, 0x83, 0x03, 0x00, 0xFF, 0x01, 0x00, 0x7C, 0x00, 0x00, 0x00, 0x00, 0x00, 0x00, 0x00, 0x00, 0x00, 0x00, 0x00, 0x00, 0x00, 0x00, 0x00, 0x00, 0x00, 0x00, 0x00,  // D
	0x0D, 0x00, 0x00, 0x00, 0x00, 0x00, 0x00, 0xE0, 0xFF, 0x0F, 0xE0, 0xFF, 0x0F, 0x60, 0x18, 0x0C, 0x60, 0x18, 0x0C, 0x60, 0x18, 0x0C, 0x60, 0x18, 0x0C, 0x60, 0x18, 0x0C, 0x60, 0x18, 0x0C, 0x60, 0x18, 0x0C, 0x00, 0x00, 0x0C, 0x00, 0x00, 0x00, 0x00, 0x00, 0x00, 0x00, 0x00, 0x00, 0x00, 0x00, 0x00, 0x00, 0x00, 0x00, 0x00, 0x00, 0x00, 0x00, 0x00, 0x00, 0x00, 0x00, 0x00, 0x00, 0x00, 0x00,  // E
	0x0C, 0x00, 0x00, 0x00, 0x00, 0x00, 0x00, 0xE0, 0xFF, 0x0F, 0xE0, 0xFF, 0x0F, 0x60, 0x18, 0x00, 0x60, 0x18, 0x00, 0x60, 0x18, 0x00, 0x60, 0x18, 0x00, 0x60, 0x18, 0x00, 0x60, 0x18, 0x00, 0x60, 0x00, 0x00, 0x00, 0x00, 0x00, 0x00, 0x00, 0x00, 0x00, 0x00, 0x00, 0x00, 0x00, 0x00, 0x00, 0x00, 0x00, 0x00, 0x00, 0x00, 0x00, 0x00, 0x00, 0x00, 0x00, 0x00, 0x00, 0x00, 0x00, 0x00, 0x00, 0x00,  // F
	0x0F, 0x00, 0x00, 0x00, 0x00, 0xFC, 0x00, 0x00, 0xFF, 0x03, 0x80, 0x83, 0x07, 0xC0, 0x00, 0x06, 0xE0, 0x00, 0x0E, 0x60, 0x00, 0x0C, 0x60, 0x00, 0x0C, 0x60, 0x00, 0x0C, 0x60, 0x00, 0x0C, 0x60, 0x00, 0x0C, 0xE0, 0xE0, 0x0F, 0x40, 0xE0, 0x07, 0x00, 0x00, 0x00, 0x00, 0x00, 0x00, 0x00, 0x00, 0x00, 0x00, 0x00, 0x00, 0x00, 0x00, 0x00, 0x00, 0x00, 0x00, 0x00, 0x00, 0x00, 0x00, 0x00, 0x00,  // G
	0x10, 0x00, 0x00, 0x00, 0x00, 0x00, 0x00, 0xE0, 0xFF, 0x0F, 0xE0, 0xFF, 0x0F, 0x00, 0x18, 0x00, 0x00, 0x18, 0x00, 0x00, 0x18, 0x00, 0x00, 0x18, 0x00, 0x00, 0x18, 0x00, 0x00, 0x18, 0x00, 0x00, 0x18, 0x00, 0x00, 0x18, 0x00, 0xE0, 0xFF, 0x0F, 0xE0, 0xFF, 0x0F, 0x00, 0x00, 0x00, 0x00, 0x00, 0x00, 0x00, 0x00, 0x00, 0x00, 0x00, 0x00, 0x00, 0x00, 0x00, 0x00, 0x00, 0x00, 0x00, 0x00, 0x00,  // H
	0x06, 0x00, 0x00, 0x00, 0x00, 0x00, 0x00, 0xE0, 0xFF, 0x0F, 0xE0, 0xFF, 0x0F, 0x00, 0x00, 0x00, 0x00, 0x00, 0x00, 0x00, 0x00, 0x00, 0x00, 0x00, 0x00, 0x00, 0x00, 0x00, 0x00, 0x00, 0x00, 0x00, 0x00, 0x00, 0x00, 0x00, 0x00, 0x00, 0x00, 0x00, 0x00, 0x00, 0x00, 0x00, 0x00, 0x00, 0x00, 0x00, 0x00, 0x00, 0x00, 0x00, 0x00, 0x00, 0x00, 0x00, 0x00, 0x00, 0x00, 0x00, 0x00, 0x00, 0x00, 0x00,  // I
	0x0B, 0x00, 0x00, 0x04, 0x00, 0x00, 0x0E, 0x00, 0x00, 0x0C, 0x00, 0x00, 0x0C, 0x00, 0x00, 0x0C, 0x00, 0x00, 0x0C, 0x00, 0x00, 0x0E, 0xE0, 0xFF, 0x07, 0xE0, 0xFF, 0x03, 0x00, 0x00, 0x00, 0x00, 0x00, 0x00, 0x00, 0x00, 0x00, 0x00, 0x00, 0x00, 0x00, 0x00, 0x00, 0x00, 0x00, 0x00, 0x00, 0x00, 0x00, 0x00, 0x00, 0x00, 0x00, 0x00, 0x00, 0x00, 0x00, 0x00, 0x00, 0x00, 0x00, 0x00, 0x00, 0x00,  // J
	0x0F, 0x00, 0x00, 0x00, 0x00, 0x00, 0x00, 0xE0, 0xFF, 0x0F, 0xE0, 0xFF, 0x0F, 0x00, 0x38, 0x00, 0x00, 0x7C, 0x00, 0x00, 0xEE, 0x00, 0x00, 0xE7, 0x00, 0x80, 0xC3, 0x01, 0xC0, 0x81, 0x03, 0xE0, 0x00, 0x07, 0x60, 0x00, 0x0E, 0x20, 0x00, 0x0C, 0x00, 0x00, 0x08, 0x00, 0x00, 0x00, 0x00, 0x00, 0x00, 0x00, 0x00, 0x00, 0x00, 0x00, 0x00, 0x00, 0x00, 0x00, 0x00, 0x00, 0x00, 0x00, 0x00, 0x00,  // K
	0x0C, 0x00, 0x00, 0x00, 0x00, 0x00, 0x00, 0xE0, 0xFF, 0x0F, 0xE0, 0xFF, 0x0F, 0x00, 0x00, 0x0C, 0x00, 0x00, 0x0C, 0x00, 0x00, 0x0C, 0x00, 0x00, 0x0C, 0x00, 0x00, 0x0C, 0x00, 0x00, 0x0C, 0x00, 0x00, 0x0C, 0x00, 0x00, 0x00, 0x00, 0x00, 0x00, 0x00, 0x00, 0x00, 0x00, 0x00, 0x00, 0x00, 0x00, 0x00, 0x00, 0x00, 0x00, 0x00, 0x00, 0x00, 0x00, 0x00, 0x00, 0x00, 0x00, 0x00, 0x00, 0x00, 0x00,  // L
	0x13, 0x00, 0x00, 0x00, 0x00, 0xF8, 0x0F, 0xE0, 0xFF, 0x0F, 0xE0, 0x07, 0x00, 0xC0, 0x01, 0x00, 0x00, 0x07, 0x00, 0x00, 0x3C, 0x00, 0x00, 0xF0, 0x01, 0x00, 0x80, 0x03, 0x00, 0x80, 0x03, 0x00, 0xF0, 0x01, 0x00, 0x3C, 0x00, 0x00, 0x07, 0x00, 0xC0, 0x01, 0x00, 0xE0, 0x07, 0x00, 0xE0, 0xFF, 0x0F, 0x00, 0xF8, 0x0F, 0x00, 0x00, 0x00, 0x00, 0x00, 0x00, 0x00, 0x00, 0x00, 0x00, 0x00, 0x00,  // M
	0x10, 0x00, 0x00, 0x00, 0x00, 0x00, 0x00, 0xE0, 0xFF, 0x0F, 0xE0, 0xFF, 0x0F, 0xC0, 0x01, 0x00, 0x80, 0x03, 0x00, 0x00, 0x07, 0x00, 0x00, 0x1C, 0x00, 0x00, 0x38, 0x00, 0x00, 0x70, 0x00, 0x00, 0xC0, 0x01, 0x00, 0x80, 0x03, 0xE0, 0xFF, 0x0F, 0xE0, 0xFF, 0x0F, 0x00, 0x00, 0x00, 0x00, 0x00, 0x00, 0x00, 0x00, 0x00, 0x00, 0x00, 0x00, 0x00, 0x00, 0x00, 0x00, 0x00, 0x00, 0x00, 0x00, 0x00,  // N
	0x11, 0x00, 0x00, 0x00, 0x00, 0x7C, 0x00, 0x00, 0xFF, 0x01, 0x80, 0x83, 0x03, 0xC0, 0x00, 0x06, 0xC0, 0x00, 0x06, 0x60, 0x00, 0x0C, 0x60, 0x00, 0x0C, 0x60, 0x00, 0x0C, 0x60, 0x00, 0x0C, 0x60, 0x00, 0x0C, 0xE0, 0x00, 0x06, 0xC0, 0x00, 0x06, 0x80, 0x83, 0x03, 0x00, 0xFF, 0x01, 0x00, 0xFE, 0x00, 0x00, 0x00, 0x00, 0x00, 0x00, 0x00, 0x00, 0x00, 0x00, 0x00, 0x00, 0x00, 0x00, 0x00, 0x00,  // O
	0x0D, 0x00, 0x00, 0x00, 0x00, 0x00, 0x00, 0xE0, 0xFF, 0x0F, 0xE0, 0xFF, 0x0F, 0x60, 0x30, 0x00, 0x60, 0x30, 0x00, 0x60, 0x30, 0x00, 0x60, 0x30, 0x00, 0x60, 0x30, 0x00, 0xC0, 0x18, 0x00, 0xC0, 0x1F, 0x00, 0x80, 0x0F, 0x00, 0x00, 0x00, 0x00, 0x00, 0x00, 0x00, 0x00, 0x00, 0x00, 0x00, 0x00, 0x00, 0x00, 0x00, 0x00, 0x00, 0x00, 0x00, 0x00, 0x00, 0x00, 0x00, 0x00, 0x00, 0x00, 0x00, 0x00,  // P
	0x11, 0x00, 0x00, 0x00, 0x00, 0x7C, 0x00, 0x00, 0xFF, 0x01, 0x80, 0x83, 0x03, 0xC0, 0x00, 0x06, 0xC0, 0x00, 0x06, 0x60, 0x00, 0x0C, 0x60, 0x00, 0x0C, 0x60, 0x00, 0x1C, 0x60, 0x00, 0x3C, 0x60, 0x00, 0x6C, 0xE0, 0x00, 0x66, 0xC0, 0x00, 0xC6, 0x80, 0x83, 0xC3, 0x00, 0xFF, 0x01, 0x00, 0xFE, 0x00, 0x00, 0x00, 0x00, 0x00, 0x00, 0x00, 0x00, 0x00, 0x00, 0x00, 0x00, 0x00, 0x00, 0x00, 0x00,  // Q
	0x0F, 0x00, 0x00, 0x00, 0x00, 0x00, 0x00, 0xE0, 0xFF, 0x0F, 0xE0, 0xFF, 0x0F, 0x60, 0x30, 0x00, 0x60, 0x30, 0x00, 0x60, 0x30, 0x00, 0x60, 0x30, 0x00, 0x60, 0x70, 0x00, 0x60, 0xF0, 0x00, 0xC0, 0xD8, 0x03, 0xC0, 0x1F, 0x07, 0x80, 0x0F, 0x0E, 0x00, 0x00, 0x0C, 0x00, 0x00, 0x00, 0x00, 0x00, 0x00, 0x00, 0x00, 0x00, 0x00, 0x00, 0x00, 0x00, 0x00, 0x00, 0x00, 0x00, 0x00, 0x00, 0x00, 0x00,  // R
	0x0C, 0x00, 0x00, 0x00, 0x80, 0x07, 0x06, 0xC0, 0x0F, 0x0E, 0xE0, 0x1C, 0x0C, 0x60, 0x18, 0x0C, 0x60, 0x18, 0x0C, 0x60, 0x30, 0x0C, 0x60, 0x30, 0x0C, 0x60, 0x70, 0x0E, 0x40, 0xE0, 0x07, 0x00, 0xC0, 0x03, 0x00, 0x00, 0x00, 0x00, 0x00, 0x00, 0x00, 0x00, 0x00, 0x00, 0x00, 0x00, 0x00, 0x00, 0x00, 0x00, 0x00, 0x00, 0x00, 0x00, 0x00, 0x00, 0x00, 0x00, 0x00, 0x00, 0x00, 0x00, 0x00, 0x00,  // S
	0x0D, 0x60, 0x00, 0x00, 0x60, 0x00, 0x00, 0x60, 0x00, 0x00, 0x60, 0x00, 0x00, 0x60, 0x00, 0x00, 0xE0, 0xFF, 0x0F, 0xE0, 0xFF, 0x0F, 0x60, 0x00, 0x00, 0x60, 0x00, 0x00, 0x60, 0x00, 0x00, 0x60, 0x00, 0x00, 0x60, 0x00, 0x00, 0x00, 0x00, 0x00, 0x00, 0x00, 0x00, 0x00, 0x00, 0x00, 0x00, 0x00, 0x00, 0x00, 0x00, 0x00, 0x00, 0x00, 0x00, 0x00, 0x00, 0x00, 0x00, 0x00, 0x00, 0x00, 0x00, 0x00,  // T
	0x0F, 0x00, 0x00, 0x00, 0x00, 0x00, 0x00, 0xE0, 0xFF, 0x01, 0xE0, 0xFF, 0x07, 0x00, 0x00, 0x07, 0x00, 0x00, 0x0E, 0x00, 0x00, 0x0C, 0x00, 0x00, 0x0C, 0x00, 0x00, 0x0C, 0x00, 0x00, 0x0E, 0x00, 0x00, 0x07, 0xE0, 0xFF, 0x07, 0xE0, 0xFF, 0x01, 0x00, 0x00, 0x00, 0x00, 0x00, 0x00, 0x00, 0x00, 0x00, 0x00, 0x00, 0x00, 0x00, 0x00, 0x00, 0x00, 0x00, 0x00, 0x00, 0x00, 0x00, 0x00, 0x00, 0x00,  // U
	0x0E, 0x20, 0x00, 0x00, 0xE0, 0x01, 0x00, 0xC0, 0x0F, 0x00, 0x00, 0x3E, 0x00, 0x00, 0xF0, 0x01, 0x00, 0xC0, 0x07, 0x00, 0x00, 0x0F, 0x00, 0xC0, 0x07, 0x00, 0xF0, 0x01, 0x00, 0x3E, 0x00, 0xC0, 0x0F, 0x00, 0xE0, 0x01, 0x00, 0x20, 0x00, 0x00, 0x00, 0x00, 0x00, 0x00, 0x00, 0x00, 0x00, 0x00, 0x00, 0x00, 0x00, 0x00, 0x00, 0x00, 0x00, 0x00, 0x00, 0x00, 0x00, 0x00, 0x00, 0x00, 0x00, 0x00,  // V
	0x15, 0x00, 0x00, 0x00, 0xE0, 0x00, 0x00, 0xE0, 0x3F, 0x00, 0x00, 0xFF, 0x03, 0x00, 0xE0, 0x0F, 0x00, 0x00, 0x0E, 0x00, 0x80, 0x0F, 0x00, 0xE0, 0x03, 0x00, 0x7C, 0x00, 0x80, 0x1F, 0x00, 0x80, 0x03, 0x00, 0x80, 0x1F, 0x00, 0x00, 0x7C, 0x00, 0x00, 0xE0, 0x03, 0x00, 0x80, 0x0F, 0x00, 0x00, 0x0E, 0x00, 0xE0, 0x0F, 0x00, 0xFF, 0x03, 0xE0, 0x3F, 0x00, 0xE0, 0x00, 0x00, 0x00, 0x00, 0x00,  // W
	0x0F, 0x00, 0x00, 0x00, 0x20, 0x00, 0x08, 0x60, 0x00, 0x0C, 0xE0, 0x00, 0x0F, 0x80, 0x83, 0x03, 0x00, 0xC7, 0x01, 0x00, 0x7C, 0x00, 0x00, 0x38, 0x00, 0x00, 0x7C, 0x00, 0x00, 0xC7, 0x01, 0x80, 0x83, 0x03, 0xE0, 0x00, 0x0F, 0x60, 0x00, 0x0C, 0x20, 0x00, 0x08, 0x00, 0x00, 0x00, 0x00, 0x00, 0x00, 0x00, 0x00, 0x00, 0x00, 0x00, 0x00, 0x00, 0x00, 0x00, 0x00, 0x00, 0x00, 0x00, 0x00, 0x00,  // X
	0x0D, 0x20, 0x00, 0x00, 0xE0, 0x00, 0x00, 0xC0, 0x03, 0x00, 0x00, 0x07, 0x00, 0x00, 0x1E, 0x00, 0x00, 0xF8, 0x0F, 0x00, 0xF8, 0x0F, 0x00, 0x1E, 0x00, 0x00, 0x07, 0x00, 0xC0, 0x03, 0x00, 0xE0, 0x00, 0x00, 0x20, 0x00, 0x00, 0x00, 0x00, 0x00, 0x00, 0x00, 0x00, 0x00, 0x00, 0x00, 0x00, 0x00, 0x00, 0x00, 0x00, 0x00, 0x00, 0x00, 0x00, 0x00, 0x00, 0x00, 0x00, 0x00, 0x00, 0x00, 0x00, 0x00,  // Y
	0x0D, 0x00, 0x00, 0x00, 0x60, 0x00, 0x0E, 0x60, 0x00, 0x0F, 0x60, 0xC0, 0x0F, 0x60, 0xE0, 0x0C, 0x60, 0x70, 0x0C, 0x60, 0x18, 0x0C, 0x60, 0x0E, 0x0C, 0x60, 0x07, 0x0C, 0xE0, 0x03, 0x0C, 0xE0, 0x01, 0x0C, 0xE0, 0x00, 0x0C, 0x00, 0x00, 0x00, 0x00, 0x00, 0x00, 0x00, 0x00, 0x00, 0x00, 0x00, 0x00, 0x00, 0x00, 0x00, 0x00, 0x00, 0x00, 0x00, 0x00, 0x00, 0x00, 0x00, 0x00, 0x00, 0x00, 0x00,  // Z
	0x08, 0x00, 0x00, 0x00, 0x00, 0x00, 0x00, 0xF8, 0xFF, 0xFF, 0xF8, 0xFF, 0xFF, 0x18, 0x00, 0xC0, 0x18, 0x00, 0xC0, 0x18, 0x00, 0xC0, 0x00, 0x00, 0x00, 0x00, 0x00, 0x00, 0x00, 0x00, 0x00, 0x00, 0x00, 0x00, 0x00, 0x00, 0x00, 0x00, 0x00, 0x00, 0x00, 0x00, 0x00, 0x00, 0x00, 0x00, 0x00, 0x00, 0x00, 0x00, 0x00, 0x00, 0x00, 0x00, 0x00, 0x00, 0x00, 0x00, 0x00, 0x00, 0x00, 0x00, 0x00, 0x00,  // [
	0x0A, 0x78, 0x00, 0x00, 0xF0, 0x03, 0x00, 0x80, 0x0F, 0x00, 0x00, 0x7E, 0x00, 0x00, 0xF0, 0x01, 0x00, 0x80, 0x0F, 0x00, 0x00, 0x7E, 0x00, 0x00, 0xF0, 0x00, 0x00, 0x80, 0x00, 0x00, 0x00, 0x00, 0x00, 0x00, 0x00, 0x00, 0x00, 0x00, 0x00, 0x00, 0x00, 0x00, 0x00, 0x00, 0x00, 0x00, 0x00, 0x00, 0x00, 0x00, 0x00, 0x00, 0x00, 0x00, 0x00, 0x00, 0x00, 0x00, 0x00, 0x00, 0x00, 0x00, 0x00, 0x00,  // 0x5C
	0x07, 0x18, 0x00, 0xC0, 0x18, 0x00, 0xC0, 0x18, 0x00, 0xC0, 0xF8, 0xFF, 0xFF, 0xF8, 0xFF, 0xFF, 0x00, 0x00, 0x00, 0x00, 0x00, 0x00, 0x00, 0x00, 0x00, 0x00, 0x00, 0x00, 0x00, 0x00, 0x00, 0x00, 0x00, 0x00, 0x00, 0x00, 0x00, 0x00, 0x00, 0x00, 0x00, 0x00, 0x00, 0x00, 0x00, 0x00, 0x00, 0x00, 0x00, 0x00, 0x00, 0x00, 0x00, 0x00, 0x00, 0x00, 0x00, 0x00, 0x00, 0x00, 0x00, 0x00, 0x00, 0x00,  // ]
	0x0D, 0x00, 0x00, 0x00, 0x00, 0x08, 0x00, 0x00, 0x1C, 0x00, 0x00, 0x0E, 0x00, 0x80, 0x03, 0x00, 0xC0, 0x01, 0x00, 0x60, 0x00, 0x00, 0xC0, 0x01, 0x00, 0x80, 0x03, 0x00, 0x00, 0x0E, 0x00, 0x00, 0x1C, 0x00, 0x00, 0x08, 0x00, 0x00, 0x00, 0x00, 0x00, 0x00, 0x00, 0x00, 0x00, 0x00, 0x00, 0x00, 0x00, 0x00, 0x00, 0x00, 0x00, 0x00, 0x00, 0x00, 0x00, 0x00, 0x00, 0x00, 0x00, 0x00, 0x00, 0x00,  // ^
	0x0C, 0x00, 0x00, 0xC0, 0x00, 0x00, 0xC0, 0x00, 0x00, 0xC0, 0x00, 0x00, 0xC0, 0x00, 0x00, 0xC0, 0x00, 0x00, 0xC0, 0x00, 0x00, 0xC0, 0x00, 0x00, 0xC0, 0x00, 0x00, 0xC0, 0x00, 0x00, 0xC0, 0x00, 0x00, 0xC0, 0x00, 0x00, 0x00, 0x00, 0x00, 0x00, 0x00, 0x00, 0x00, 0x00, 0x00, 0x00, 0x00, 0x00, 0x00, 0x00, 0x00, 0x00, 0x00, 0x00, 0x00, 0x00, 0x00, 0x00, 0x00, 0x00, 0x00, 0x00, 0x00, 0x00,  // _
	0x08, 0x00, 0x00, 0x00, 0x10, 0x00, 0x00, 0x38, 0x00, 0x00, 0x70, 0x00, 0x00, 0x20, 0x00, 0x00, 0x00, 0x00, 0x00, 0x00, 0x00, 0x00, 0x00, 0x00, 0x00, 0x00, 0x00, 0x00, 0x00, 0x00, 0x00, 0x00, 0x00, 0x00, 0x00, 0x00, 0x00, 0x00, 0x00, 0x00, 0x00, 0x00, 0x00, 0x00, 0x00, 0x00, 0x00, 0x00, 0x00, 0x00, 0x00, 0x00, 0x00, 0x00, 0x00, 0x00, 0x00, 0x00, 0x00, 0x00, 0x00, 0x00, 0x00, 0x00,  // `
	0x0B, 0x00, 0x00, 0x00, 0x00, 0xC0, 0x03, 0x00, 0xE3, 0x07, 0x00, 0x73, 0x0E, 0x00, 0x33, 0x0C, 0x00, 0x33, 0x0C, 0x00, 0x37, 0x0C, 0x00, 0xFE, 0x0F, 0x00, 0xFC, 0x0F, 0x00, 0x00, 0x00, 0x00, 0x00, 0x00, 0x00, 0x00, 0x00, 0x00, 0x00, 0x00, 0x00, 0x00, 0x00, 0x00, 0x00, 0x00, 0x00, 0x00, 0x00, 0x00, 0x00, 0x00, 0x00, 0x00, 0x00, 0x00, 0x00, 0x00, 0x00, 0x00, 0x00, 0x00, 0x00, 0x00,  // a
	0x0D, 0x00, 0x00, 0x00, 0x00, 0x00, 0x00, 0xF8, 0xFF, 0x0F, 0xF8, 0xFF, 0x0F, 0x00, 0x06, 0x0C, 0x00, 0x03, 0x0C, 0x00, 0x03, 0x0C, 0x00, 0x03, 0x0C, 0x00, 0x03, 0x0E, 0x00, 0x0E, 0x07, 0x00, 0xFE, 0x03, 0x00, 0xF8, 0x01, 0x00, 0x00, 0x00, 0x00, 0x00, 0x00, 0x00, 0x00, 0x00, 0x00, 0x00, 0x00, 0x00, 0x00, 0x00, 0x00, 0x00, 0x00, 0x00, 0x00, 0x00, 0x00, 0x00, 0x00, 0x00, 0x00, 0x00,  // b
	0x0B, 0x00, 0x00, 0x00, 0x00, 0xF8, 0x01, 0x00, 0xFC, 0x03, 0x00, 0x0E, 0x07, 0x00, 0x07, 0x0E, 0x00, 0x03, 0x0C, 0x00, 0x03, 0x0C, 0x00, 0x03, 0x0C, 0x00, 0x03, 0x0C, 0x00, 0x03, 0x0C, 0x00, 0x00, 0x00, 0x00, 0x00, 0x00, 0x00, 0x00, 0x00, 0x00, 0x00, 0x00, 0x00, 0x00, 0x00, 0x00, 0x00, 0x00, 0x00, 0x00, 0x00, 0x00, 0x00, 0x00, 0x00, 0x00, 0x00, 0x00, 0x00, 0x00, 0x00, 0x00, 0x00,  // c
	0x0D, 0x00, 0x00, 0x00, 0x00, 0xF8, 0x01, 0x00, 0xFE, 0x03, 0x00, 0x0E, 0x07, 0x00, 0x03, 0x0E, 0x00, 0x03, 0x0C, 0x00, 0x03, 0x0C, 0x00, 0x03, 0x0C, 0x00, 0x06, 0x0C, 0xF8, 0xFF, 0x0F, 0xF8, 0xFF, 0x0F, 0x00, 0x00, 0x00, 0x00, 0x00, 0x00, 0x00, 0x00, 0x00, 0x00, 0x00, 0x00, 0x00, 0x00, 0x00, 0x00, 0x00, 0x00, 0x00, 0x00, 0x00, 0x00, 0x00, 0x00, 0x00, 0x00, 0x00, 0x00, 0x00, 0x00,  // d
	0x0C, 0x00, 0x00, 0x00, 0x00, 0xF8, 0x01, 0x00, 0xFC, 0x03, 0x00, 0x66, 0x06, 0x00, 0x63, 0x0C, 0x00, 0x63, 0x0C, 0x00, 0x63, 0x0C, 0x00, 0x63, 0x0C, 0x00, 0x67, 0x0C, 0x00, 0x7E, 0x0C, 0x00, 0x78, 0x00, 0x00, 0x00, 0x00, 0x00, 0x00, 0x00, 0x00, 0x00, 0x00, 0x00, 0x00, 0x00, 0x00, 0x00, 0x00, 0x00, 0x00, 0x00, 0x00, 0x00, 0x00, 0x00, 0x00, 0x00, 0x00, 0x00, 0x00, 0x00, 0x00, 0x00,  // e
	0x09, 0x00, 0x00, 0x00, 0x00, 0x00, 0x00, 0xE0, 0xFF, 0x0F, 0xF0, 0xFF, 0x0F, 0x38, 0x03, 0x00, 0x18, 0x03, 0x00, 0x18, 0x03, 0x00, 0x18, 0x03, 0x00, 0x00, 0x00, 0x00, 0x00, 0x00, 0x00, 0x00, 0x00, 0x00, 0x00, 0x00, 0x00, 0x00, 0x00, 0x00, 0x00, 0x00, 0x00, 0x00, 0x00, 0x00, 0x00, 0x00, 0x00, 0x00, 0x00, 0x00, 0x00, 0x00, 0x00, 0x00, 0x00, 0x00, 0x00, 0x00, 0x00, 0x00, 0x00, 0x00,  // f
	0x0D, 0x00, 0x00, 0x00, 0x00, 0xF8, 0x01, 0x00, 0xFC, 0xE7, 0x00, 0x0E, 0xC7, 0x00, 0x07, 0xCE, 0x00, 0x03, 0xCC, 0x00, 0x03, 0xCC, 0x00, 0x03, 0xCC, 0x00, 0x03, 0xEC, 0x00, 0xFF, 0x7F, 0x00, 0xFF, 0x3F, 0x00, 0x00, 0x00, 0x00, 0x00, 0x00, 0x00, 0x00, 0x00, 0x00, 0x00, 0x00, 0x00, 0x00, 0x00, 0x00, 0x00, 0x00, 0x00, 0x00, 0x00, 0x00, 0x00, 0x00, 0x00, 0x00, 0x00, 0x00, 0x00, 0x00,  // g
	0x0D, 0x00, 0x00, 0x00, 0x00, 0x00, 0x00, 0xF8, 0xFF, 0x0F, 0xF8, 0xFF, 0x0F, 0x00, 0x03, 0x00, 0x00, 0x03, 0x00, 0x00, 0x03, 0x00, 0x00, 0x03, 0x00, 0x00, 0x07, 0x00, 0x00, 0xFE, 0x0F, 0x00, 0xFC, 0x0F, 0x00, 0x00, 0x00, 0x00, 0x00, 0x00, 0x00, 0x00, 0x00, 0x00, 0x00, 0x00, 0x00, 0x00, 0x00, 0x00, 0x00, 0x00, 0x00, 0x00, 0x00, 0x00, 0x00, 0x00, 0x00, 0x00, 0x00, 0x00, 0x00, 0x00,  // h
	0x06, 0x00, 0x00, 0x00, 0x00, 0x00, 0x00, 0x30, 0xFF, 0x0F, 0x30, 0xFF, 0x0F, 0x00, 0x00, 0x00, 0x00, 0x00, 0x00, 0x00, 0x00, 0x00, 0x00, 0x00, 0x00, 0x00, 0x00, 0x00, 0x00, 0x00, 0x00, 0x00, 0x00, 0x00, 0x00, 0x00, 0x00, 0x00, 0x00, 0x00, 0x00, 0x00, 0x00, 0x00, 0x00, 0x00, 0x00, 0x00, 0x00, 0x00, 0x00, 0x00, 0x00, 0x00, 0x00, 0x00, 0x00, 0x00, 0x00, 0x00, 0x00, 0x00, 0x00, 0x00,  // i
	0x06, 0x00, 0x00, 0xC0, 0x00, 0x00, 0xE0, 0x30, 0xFF, 0x7F, 0x30, 0xFF, 0x3F, 0x00, 0x00, 0x00, 0x00, 0x00, 0x00, 0x00, 0x00, 0x00, 0x00, 0x00, 0x00, 0x00, 0x00, 0x00, 0x00, 0x00, 0x00, 0x00, 0x00, 0x00, 0x00, 0x00, 0x00, 0x00, 0x00, 0x00, 0x00, 0x00, 0x00, 0x00, 0x00, 0x00, 0x00, 0x00, 0x00, 0x00, 0x00, 0x00, 0x00, 0x00, 0x00, 0x00, 0x00, 0x00, 0x00, 0x00, 0x00, 0x00, 0x00, 0x00,  // j
	0x0C, 0x00, 0x00, 0x00, 0x00, 0x00, 0x00, 0xF8, 0xFF, 0x0F, 0xF8, 0xFF, 0x0F, 0x00, 0x70, 0x00, 0x00, 0xF8, 0x00, 0x00, 0xDC, 0x01, 0x00, 0x8E, 0x03, 0x00, 0x07, 0x07, 0x00, 0x03, 0x0E, 0x00, 0x01, 0x08, 0x00, 0x00, 0x00, 0x00, 0x00, 0x00, 0x00, 0x00, 0x00, 0x00, 0x00, 0x00, 0x00, 0x00, 0x00, 0x00, 0x00, 0x00, 0x00, 0x00, 0x00, 0x00, 0x00, 0x00, 0x00, 0x00, 0x00, 0x00, 0x00, 0x00,  // k
	0x07, 0x00, 0x00, 0x00, 0x00, 0x00, 0x00, 0xF8, 0xFF, 0x07, 0xF8, 0xFF, 0x0F, 0x00, 0x00, 0x0C, 0x00, 0x00, 0x0C, 0x00, 0x00, 0x00, 0x00, 0x00, 0x00, 0x00, 0x00, 0x00, 0x00, 0x00, 0x00, 0x00, 0x00, 0x00, 0x00, 0x00, 0x00, 0x00, 0x00, 0x00, 0x00, 0x00, 0x00, 0x00, 0x00, 0x00, 0x00, 0x00, 0x00, 0x00, 0x00, 0x00, 0x00, 0x00, 0x00, 0x00, 0x00, 0x00, 0x00, 0x00, 0x00, 0x00, 0x00, 0x00,  // l
	0x13, 0x00, 0x00, 0x00, 0x00, 0x00, 0x00, 0x00, 0xFF, 0x0F, 0x00, 0xFF, 0x0F, 0x00, 0x03, 0x00, 0x00, 0x03, 0x00, 0x00, 0x03, 0x00, 0x00, 0x03, 0x00, 0x00, 0x07, 0x00, 0x00, 0xFE, 0x0F, 0x00, 0xFE, 0x0F, 0x00, 0x03, 0x00, 0x00, 0x03, 0x00, 0x00, 0x03, 0x00, 0x00, 0x03, 0x00, 0x00, 0x07, 0x00, 0x00, 0xFE, 0x0F, 0x00, 0xFC, 0x0F, 0x00, 0x00, 0x00, 0x00, 0x00, 0x00, 0x00, 0x00, 0x00,  // m
	0x0D, 0x00, 0x00, 0x00, 0x00, 0x00, 0x00, 0x00, 0xFF, 0x0F, 0x00, 0xFF, 0x0F, 0x00, 0x03, 0x00, 0x00, 0x03, 0x00, 0x00, 0x03, 0x00, 0x00, 0x03, 0x00, 0x00, 0x07, 0x00, 0x00, 0xFE, 0x0F, 0x00, 0xFC, 0x0F, 0x00, 0x00, 0x00, 0x00, 0x00, 0x00, 0x00, 0x00, 0x00, 0x00, 0x00, 0x00, 0x00, 0x00, 0x00, 0x00, 0x00, 0x00, 0x00, 0x00, 0x00, 0x00, 0x00, 0x00, 0x00, 0x00, 0x00, 0x00, 0x00, 0x00,  // n
	0x0D, 0x00, 0x00, 0x00, 0x00, 0xF8, 0x01, 0x00, 0xFC, 0x03, 0x00, 0x0E, 0x07, 0x00, 0x07, 0x0E, 0x00, 0x03, 0x0C, 0x00, 0x03, 0x0C, 0x00, 0x03, 0x0C, 0x00, 0x07, 0x0E, 0x00, 0x0E, 0x07, 0x00, 0xFC, 0x03, 0x00, 0xF8, 0x01, 0x00, 0x00, 0x00, 0x00, 0x00, 0x00, 0x00, 0x00, 0x00, 0x00, 0x00, 0x00, 0x00, 0x00, 0x00, 0x00, 0x00, 0x00, 0x00, 0x00, 0x00, 0x00, 0x00, 0x00, 0x00, 0x00, 0x00,  // o
	0x0D, 0x00, 0x00, 0x00, 0x00, 0x00, 0x00, 0x00, 0xFF, 0xFF, 0x00, 0xFF, 0xFF, 0x00, 0x03, 0x06, 0x00, 0x03, 0x0C, 0x00, 0x03, 0x0C, 0x00, 0x03, 0x0C, 0x00, 0x07, 0x0C, 0x00, 0x0E, 0x07, 0x00, 0xFC, 0x07, 0x00, 0xF8, 0x01, 0x00, 0x00, 0x00, 0x00, 0x00, 0x00, 0x00, 0x00, 0x00, 0x00, 0x00, 0x00, 0x00, 0x00, 0x00, 0x00, 0x00, 0x00, 0x00, 0x00, 0x00, 0x00, 0x00, 0x00, 0x00, 0x00, 0x00,  // p
	0x0D, 0x00, 0x00, 0x00, 0x00, 0xF8, 0x01, 0x00, 0xFC, 0x03, 0x00, 0x0E, 0x07, 0x00, 0x07, 0x0C, 0x00, 0x03, 0x0C, 0x00, 0x03, 0x0C, 0x00, 0x03, 0x0C, 0x00, 0x03, 0x06, 0x00, 0xFF, 0xFF, 0x00, 0xFF, 0xFF, 0x00, 0x00, 0x00, 0x00, 0x00, 0x00, 0x00, 0x00, 0x00, 0x00, 0x00, 0x00, 0x00, 0x00, 0x00, 0x00, 0x00, 0x00, 0x00, 0x00, 0x00, 0x00, 0x00, 0x00, 0x00, 0x00, 0x00, 0x00, 0x00, 0x00,  // q
	0x09, 0x00, 0x00, 0x00, 0x00, 0x00, 0x00, 0x00, 0xFE, 0x0F, 0x00, 0xFF, 0x0F, 0x00, 0x03, 0x00, 0x00, 0x03, 0x00, 0x00, 0x03, 0x00, 0x00, 0x03, 0x00, 0x00, 0x00, 0x00, 0x00, 0x00, 0x00, 0x00, 0x00, 0x00, 0x00, 0x00, 0x00, 0x00, 0x00, 0x00, 0x00, 0x00, 0x00, 0x00, 0x00, 0x00, 0x00, 0x00, 0x00, 0x00, 0x00, 0x00, 0x00, 0x00, 0x00, 0x00, 0x00, 0x00, 0x00, 0x00, 0x00, 0x00, 0x00, 0x00,  // r
	0x0A, 0x00, 0x00, 0x00, 0x00, 0x1C, 0x0E, 0x00, 0x3E, 0x0C, 0x00, 0x73, 0x0C, 0x00, 0x63, 0x0C, 0x00, 0x63, 0x0C, 0x00, 0xE3, 0x0C, 0x00, 0xC3, 0x07, 0x00, 0x80, 0x03, 0x00, 0x00, 0x00, 0x00, 0x00, 0x00, 0x00, 0x00, 0x00, 0x00, 0x00, 0x00, 0x00, 0x00, 0x00, 0x00, 0x00, 0x00, 0x00, 0x00, 0x00, 0x00, 0x00, 0x00, 0x00, 0x00, 0x00, 0x00, 0x00, 0x00, 0x00, 0x00, 0x00, 0x00, 0x00, 0x00,  // s
	0x09, 0x00, 0x00, 0x00, 0x00, 0x00, 0x00, 0xF0, 0xFF, 0x03, 0xF0, 0xFF, 0x0F, 0x00, 0x03, 0x0C, 0x00, 0x03, 0x0C, 0x00, 0x03, 0x0C, 0x00, 0x03, 0x0C, 0x00, 0x00, 0x00, 0x00, 0x00, 0x00, 0x00, 0x00, 0x00, 0x00, 0x00, 0x00, 0x00, 0x00, 0x00, 0x00, 0x00, 0x00, 0x00, 0x00, 0x00, 0x00, 0x00, 0x00, 0x00, 0x00, 0x00, 0x00, 0x00, 0x00, 0x00, 0x00, 0x00, 0x00, 0x00, 0x00, 0x00, 0x00, 0x00,  // t
	0x0D, 0x00, 0x00, 0x00, 0x00, 0x00, 0x00, 0x00, 0xFF, 0x03, 0x00, 0xFF, 0x07, 0x00, 0x00, 0x0E, 0x00, 0x00, 0x0C, 0x00, 0x00, 0x0C, 0x00, 0x00, 0x0C, 0x00, 0x00, 0x0C, 0x00, 0xFF, 0x0F, 0x00, 0xFF, 0x0F, 0x00, 0x00, 0x00, 0x00, 0x00, 0x00, 0x00, 0x00, 0x00, 0x00, 0x00, 0x00, 0x00, 0x00, 0x00, 0x00, 0x00, 0x00, 0x00, 0x00, 0x00, 0x00, 0x00, 0x00, 0x00, 0x00, 0x00, 0x00, 0x00, 0x00,  // u
	0x0B, 0x00, 0x03, 0x00, 0x00, 0x1F, 0x00, 0x00, 0xFC, 0x00, 0x00, 0xE0, 0x07, 0x00, 0x00, 0x0F, 0x00, 0x00, 0x0F, 0x00, 0xE0, 0x07, 0x00, 0xFC, 0x00, 0x00, 0x1F, 0x00, 0x00, 0x03, 0x00, 0x00, 0x00, 0x00, 0x00, 0x00, 0x00, 0x00, 0x00, 0x00, 0x00, 0x00, 0x00, 0x00, 0x00, 0x00, 0x00, 0x00, 0x00, 0x00, 0x00, 0x00, 0x00, 0x00, 0x00, 0x00, 0x00, 0x00, 0x00, 0x00, 0x00, 0x00, 0x00, 0x00,  // v
	0x12, 0x00, 0x03, 0x00, 0x00, 0x3F, 0x00, 0x00, 0xFC, 0x01, 0x00, 0xC0, 0x0F, 0x00, 0x00, 0x0E, 0x00, 0x80, 0x07, 0x00, 0xE0, 0x01, 0x00, 0x38, 0x00, 0x00, 0x0F, 0x00, 0x00, 0x7F, 0x00, 0x00, 0xF8, 0x03, 0x00, 0xC0, 0x0F, 0x00, 0x00, 0x0E, 0x00, 0xC0, 0x0F, 0x00, 0xFC, 0x01, 0x00, 0x3F, 0x00, 0x00, 0x03, 0x00, 0x00, 0x00, 0x00, 0x00, 0x00, 0x00, 0x00, 0x00, 0x00, 0x00, 0x00, 0x00,  // w
	0x0C, 0x00, 0x01, 0x08, 0x00, 0x03, 0x0C, 0x00, 0x07, 0x0F, 0x00, 0x9C, 0x03, 0x00, 0xF8, 0x01, 0x00, 0xF0, 0x00, 0x00, 0xF8, 0x01, 0x00, 0x9C, 0x03, 0x00, 0x07, 0x0F, 0x00, 0x03, 0x0C, 0x00, 0x01, 0x08, 0x00, 0x00, 0x00, 0x00, 0x00, 0x00, 0x00, 0x00, 0x00, 0x00, 0x00, 0x00, 0x00, 0x00, 0x00, 0x00, 0x00, 0x00, 0x00, 0x00, 0x00, 0x00, 0x00, 0x00, 0x00, 0x00, 0x00, 0x00, 0x00, 0x00,  // x
	0x0B, 0x00, 0x01, 0xC0, 0x00, 0x0F, 0xC0, 0x00, 0x7E, 0xC0, 0x00, 0xF0, 0xC3, 0x00, 0x80, 0x7F, 0x00, 0x00, 0x3E, 0x00, 0xE0, 0x0F, 0x00, 0xFC, 0x00, 0x00, 0x1F, 0x00, 0x00, 0x03, 0x00, 0x00, 0x00, 0x00, 0x00, 0x00, 0x00, 0x00, 0x00, 0x00, 0x00, 0x00, 0x00, 0x00, 0x00, 0x00, 0x00, 0x00, 0x00, 0x00, 0x00, 0x00, 0x00, 0x00, 0x00, 0x00, 0x00, 0x00, 0x00, 0x00, 0x00, 0x00, 0x00, 0x00,  // y
	0x0A, 0x00, 0x00, 0x00, 0x00, 0x03, 0x0E, 0x00, 0x03, 0x0F, 0x00, 0xC3, 0x0F, 0x00, 0xE3, 0x0C, 0x00, 0x73, 0x0C, 0x00, 0x1F, 0x0C, 0x00, 0x0F, 0x0C, 0x00, 0x07, 0x0C, 0x00, 0x00, 0x00, 0x00, 0x00, 0x00, 0x00, 0x00, 0x00, 0x00, 0x00, 0x00, 0x00, 0x00, 0x00, 0x00, 0x00, 0x00, 0x00, 0x00, 0x00, 0x00, 0x00, 0x00, 0x00, 0x00, 0x00, 0x00, 0x00, 0x00, 0x00, 0x00, 0x00, 0x00, 0x00, 0x00,  // z
	0x08, 0x00, 0x00, 0x00, 0x00, 0x60, 0x00, 0x00, 0xF0, 0x00, 0xF0, 0xFF, 0x7F, 0xF8, 0xDF, 0xFF, 0x18, 0x00, 0xC0, 0x18, 0x00, 0xC0, 0x00, 0x00, 0x00, 0x00, 0x00, 0x00, 0x00, 0x00, 0x00, 0x00, 0x00, 0x00, 0x00, 0x00, 0x00, 0x00, 0x00, 0x00, 0x00, 0x00, 0x00, 0x00, 0x00, 0x00, 0x00, 0x00, 0x00, 0x00, 0x00, 0x00, 0x00, 0x00, 0x00, 0x00, 0x00, 0x00, 0x00, 0x00, 0x00, 0x00, 0x00, 0x00,  // {
	0x06, 0x00, 0x00, 0x00, 0x00, 0x00, 0x00, 0xF8, 0xFF, 0xFF, 0xF8, 0xFF, 0xFF, 0x00, 0x00, 0x00, 0x00, 0x00, 0x00, 0x00, 0x00, 0x00, 0x00, 0x00, 0x00, 0x00, 0x00, 0x00, 0x00, 0x00, 0x00, 0x00, 0x00, 0x00, 0x00, 0x00, 0x00, 0x00, 0x00, 0x00, 0x00, 0x00, 0x00, 0x00, 0x00, 0x00, 0x00, 0x00, 0x00, 0x00, 0x00, 0x00, 0x00, 0x00, 0x00, 0x00, 0x00, 0x00, 0x00, 0x00, 0x00, 0x00, 0x00, 0x00,  // |
	0x07, 0x18, 0x00, 0xC0, 0x18, 0x00, 0xC0, 0xF8, 0xDF, 0xFF, 0xF0, 0xFF, 0x7F, 0x00, 0xF0, 0x00, 0x00, 0x60, 0x00, 0x00, 0x00, 0x00, 0x00, 0x00, 0x00, 0x00, 0x00, 0x00, 0x00, 0x00, 0x00, 0x00, 0x00, 0x00, 0x00, 0x00, 0x00, 0x00, 0x00, 0x00, 0x00, 0x00, 0x00, 0x00, 0x00, 0x00, 0x00, 0x00, 0x00, 0x00, 0x00, 0x00, 0x00, 0x00, 0x00, 0x00, 0x00, 0x00, 0x00, 0x00, 0x00, 0x00, 0x00, 0x00,  // }
	0x0D, 0x00, 0x00, 0x00, 0x00, 0x60, 0x00, 0x00, 0x70, 0x00, 0x00, 0x38, 0x00, 0x00, 0x18, 0x00, 0x00, 0x18, 0x00, 0x00, 0x30, 0x00, 0x00, 0x60, 0x00, 0x00, 0x60, 0x00, 0x00, 0x70, 0x00, 0x00, 0x38, 0x00, 0x00, 0x18, 0x00, 0x00, 0x00, 0x00, 0x00, 0x00, 0x00, 0x00, 0x00, 0x00, 0x00, 0x00, 0x00, 0x00, 0x00, 0x00, 0x00, 0x00, 0x00, 0x00, 0x00, 0x00, 0x00, 0x00, 0x00, 0x00, 0x00, 0x00,  // ~
	0x00, 0x00, 0x00, 0x00, 0x00, 0x00, 0x00, 0x00, 0x00, 0x00, 0x00, 0x00, 0x00, 0x00, 0x00, 0x00, 0x00, 0x00, 0x00, 0x00, 0x00, 0x00, 0x00, 0x00, 0x00, 0x00, 0x00, 0x00, 0x00, 0x00, 0x00, 0x00, 0x00, 0x00, 0x00, 0x00, 0x00, 0x00, 0x00, 0x00, 0x00, 0x00, 0x00, 0x00, 0x00, 0x00, 0x00, 0x00, 0x00, 0x00, 0x00, 0x00, 0x00, 0x00, 0x00, 0x00, 0x00, 0x00, 0x00, 0x00, 0x00, 0x00, 0x00, 0x00,  // 0x7F
	0x00, 0x00, 0x00, 0x00, 0x00, 0x00, 0x00, 0x00, 0x00, 0x00, 0x00, 0x00, 0x00, 0x00, 0x00, 0x00, 0x00, 0x00, 0x00, 0x00, 0x00, 0x00, 0x00, 0x00, 0x00, 0x00, 0x00, 0x00, 0x00, 0x00, 0x00, 0x00, 0x00, 0x00, 0x00, 0x00, 0x00, 0x00, 0x00, 0x00, 0x00, 0x00, 0x00, 0x00, 0x00, 0x00, 0x00, 0x00, 0x00, 0x00, 0x00, 0x00, 0x00, 0x00, 0x00, 0x00, 0x00, 0x00, 0x00, 0x00, 0x00, 0x00, 0x00, 0x00,  // 0x80
	0x00, 0x00, 0x00, 0x00, 0x00, 0x00, 0x00, 0x00, 0x00, 0x00, 0x00, 0x00, 0x00, 0x00, 0x00, 0x00, 0x00, 0x00, 0x00, 0x00, 0x00, 0x00, 0x00, 0x00, 0x00, 0x00, 0x00, 0x00, 0x00, 0x00, 0x00, 0x00, 0x00, 0x00, 0x00, 0x00, 0x00, 0x00, 0x00, 0x00, 0x00, 0x00, 0x00, 0x00, 0x00, 0x00, 0x00, 0x00, 0x00, 0x00, 0x00, 0x00, 0x00, 0x00, 0x00, 0x00, 0x00, 0x00, 0x00, 0x00, 0x00, 0x00, 0x00, 0x00,  // 0x81
	0x00, 0x00, 0x00, 0x00, 0x00, 0x00, 0x00, 0x00, 0x00, 0x00, 0x00, 0x00, 0x00, 0x00, 0x00, 0x00, 0x00, 0x00, 0x00, 0x00, 0x00, 0x00, 0x00, 0x00, 0x00, 0x00, 0x00, 0x00, 0x00, 0x00, 0x00, 0x00, 0x00, 0x00, 0x00, 0x00, 0x00, 0x00, 0x00, 0x00, 0x00, 0x00, 0x00, 0x00, 0x00, 0x00, 0x00, 0x00, 0x00, 0x00, 0x00, 0x00, 0x00, 0x00, 0x00, 0x00, 0x00, 0x00, 0x00, 0x00, 0x00, 0x00, 0x00, 0x00,  // 0x82
	0x00, 0x00, 0x00, 0x00, 0x00, 0x00, 0x00, 0x00, 0x00, 0x00, 0x00, 0x00, 0x00, 0x00, 0x00, 0x00, 0x00, 0x00, 0x00, 0x00, 0x00, 0x00, 0x00, 0x00, 0x00, 0x00, 0x00, 0x00, 0x00, 0x00, 0x00, 0x00, 0x00, 0x00, 0x00, 0x00, 0x00, 0x00, 0x00, 0x00, 0x00, 0x00, 0x00, 0x00, 0x00, 0x00, 0x00, 0x00, 0x00, 0x00, 0x00, 0x00, 0x00, 0x00, 0x00, 0x00, 0x00, 0x00, 0x00, 0x00, 0x00, 0x00, 0x00, 0x00,  // 0x83
	0x00, 0x00, 0x00, 0x00, 0x00, 0x00, 0x00, 0x00, 0x00, 0x00, 0x00, 0x00, 0x00, 0x00, 0x00, 0x00, 0x00, 0x00, 0x00, 0x00, 0x00, 0x00, 0x00, 0x00, 0x00, 0x00, 0x00, 0x00, 0x00, 0x00, 0x00, 0x00, 0x00, 0x00, 0x00, 0x00, 0x00, 0x00, 0x00, 0x00, 0x00, 0x00, 0x00, 0x00, 0x00, 0x00, 0x00, 0x00, 0x00, 0x00, 0x00, 0x00, 0x00, 0x00, 0x00, 0x00, 0x00, 0x00, 0x00, 0x00, 0x00, 0x00, 0x00, 0x00,  // 0x84
	0x00, 0x00, 0x00, 0x00, 0x00, 0x00, 0x00, 0x00, 0x00, 0x00, 0x00, 0x00, 0x00, 0x00, 0x00, 0x00, 0x00, 0x00, 0x00, 0x00, 0x00, 0x00, 0x00, 0x00, 0x00, 0x00, 0x00, 0x00, 0x00, 0x00, 0x00, 0x00, 0x00, 0x00, 0x00, 0x00, 0x00, 0x00, 0x00, 0x00, 0x00, 0x00, 0x00, 0x00, 0x00, 0x00, 0x00, 0x00, 0x00, 0x00, 0x00, 0x00, 0x00, 0x00, 0x00, 0x00, 0x00, 0x00, 0x00, 0x00, 0x00, 0x00, 0x00, 0x00,  // 0x85
	0x00, 0x00, 0x00, 0x00, 0x00, 0x00, 0x00, 0x00, 0x00, 0x00, 0x00, 0x00, 0x00, 0x00, 0x00, 0x00, 0x00, 0x00, 0x00, 0x00, 0x00, 0x00, 0x00, 0x00, 0x00, 0x00, 0x00, 0x00, 0x00, 0x00, 0x00, 0x00, 0x00, 0x00, 0x00, 0x00, 0x00, 0x00, 0x00, 0x00, 0x00, 0x00, 0x00, 0x00, 0x00, 0x00, 0x00, 0x00, 0x00, 0x00, 0x00, 0x00, 0x00, 0x00, 0x00, 0x00, 0x00, 0x00, 0x00, 0x00, 0x00, 0x00, 0x00, 0x00,  // 0x86
	0x00, 0x00, 0x00, 0x00, 0x00, 0x00, 0x00, 0x00, 0x00, 0x00, 0x00, 0x00, 0x00, 0x00, 0x00, 0x00, 0x00, 0x00, 0x00, 0x00, 0x00, 0x00, 0x00, 0x00, 0x00, 0x00, 0x00, 0x00, 0x00, 0x00, 0x00, 0x00, 0x00, 0x00, 0x00, 0x00, 0x00, 0x00, 0x00, 0x00, 0x00, 0x00, 0x00, 0x00, 0x00, 0x00, 0x00, 0x00, 0x00, 0x00, 0x00, 0x00, 0x00, 0x00, 0x00, 0x00, 0x00, 0x00, 0x00, 0x00, 0x00, 0x00, 0x00, 0x00,  // 0x87
	0x00, 0x00, 0x00, 0x00, 0x00, 0x00, 0x00, 0x00, 0x00, 0x00, 0x00, 0x00, 0x00, 0x00, 0x00, 0x00, 0x00, 0x00, 0x00, 0x00, 0x00, 0x00, 0x00, 0x00, 0x00, 0x00, 0x00, 0x00, 0x00, 0x00, 0x00, 0x00, 0x00, 0x00, 0x00, 0x00, 0x00, 0x00, 0x00, 0x00, 0x00, 0x00, 0x00, 0x00, 0x00, 0x00, 0x00, 0x00, 0x00, 0x00, 0x00, 0x00, 0x00, 0x00, 0x00, 0x00, 0x00, 0x00, 0x00, 0x00, 0x00, 0x00, 0x00, 0x00,  // 0x88
	0x00, 0x00, 0x00, 0x00, 0x00, 0x00, 0x00, 0x00, 0x00, 0x00, 0x00, 0x00, 0x00, 0x00, 0x00, 0x00, 0x00, 0x00, 0x00, 0x00, 0x00, 0x00, 0x00, 0x00, 0x00, 0x00, 0x00, 0x00, 0x00, 0x00, 0x00, 0x00, 0x00, 0x00, 0x00, 0x00, 0x00, 0x00, 0x00, 0x00, 0x00, 0x00, 0x00, 0x00, 0x00, 0x00, 0x00, 0x00, 0x00, 0x00, 0x00, 0x00, 0x00, 0x00, 0x00, 0x00, 0x00, 0x00, 0x00, 0x00, 0x00, 0x00, 0x00, 0x00,  // 0x89
	0x00, 0x00, 0x00, 0x00, 0x00, 0x00, 0x00, 0x00, 0x00, 0x00, 0x00, 0x00, 0x00, 0x00, 0x00, 0x00, 0x00, 0x00, 0x00, 0x00, 0x00, 0x00, 0x00, 0x00, 0x00, 0x00, 0x00, 0x00, 0x00, 0x00, 0x00, 0x00, 0x00, 0x00, 0x00, 0x00, 0x00, 0x00, 0x00, 0x00, 0x00, 0x00, 0x00, 0x00, 0x00, 0x00, 0x00, 0x00, 0x00, 0x00, 0x00, 0x00, 0x00, 0x00, 0x00, 0x00, 0x00, 0x00, 0x00, 0x00, 0x00, 0x00, 0x00, 0x00,  // 0x8A
	0x00, 0x00, 0x00, 0x00, 0x00, 0x00, 0x00, 0x00, 0x00, 0x00, 0x00, 0x00, 0x00, 0x00, 0x00, 0x00, 0x00, 0x00, 0x00, 0x00, 0x00, 0x00, 0x00, 0x00, 0x00, 0x00, 0x00, 0x00, 0x00, 0x00, 0x00, 0x00, 0x00, 0x00, 0x00, 0x00, 0x00, 0x00, 0x00, 0x00, 0x00, 0x00, 0x00, 0x00, 0x00, 0x00, 0x00, 0x00, 0x00, 0x00, 0x00, 0x00, 0x00, 0x00, 0x00, 0x00, 0x00, 0x00, 0x00, 0x00, 0x00, 0x00, 0x00, 0x00,  // 0x8B
	0x00, 0x00, 0x00, 0x00, 0x00, 0x00, 0x00, 0x00, 0x00, 0x00, 0x00, 0x00, 0x00, 0x00, 0x00, 0x00, 0x00, 0x00, 0x00, 0x00, 0x00, 0x00, 0x00, 0x00, 0x00, 0x00, 0x00, 0x00, 0x00, 0x00, 0x00, 0x00, 0x00, 0x00, 0x00, 0x00, 0x00, 0x00, 0x00, 0x00, 0x00, 0x00, 0x00, 0x00, 0x00, 0x00, 0x00, 0x00, 0x00, 0x00, 0x00, 0x00, 0x00, 0x00, 0x00, 0x00, 0x00, 0x00, 0x00, 0x00, 0x00, 0x00, 0x00, 0x00,  // 0x8C
	0x00, 0x00, 0x00, 0x00, 0x00, 0x00, 0x00, 0x00, 0x00, 0x00, 0x00, 0x00, 0x00, 0x00, 0x00, 0x00, 0x00, 0x00, 0x00, 0x00, 0x00, 0x00, 0x00, 0x00, 0x00, 0x00, 0x00, 0x00, 0x00, 0x00, 0x00, 0x00, 0x00, 0x00, 0x00, 0x00, 0x00, 0x00, 0x00, 0x00, 0x00, 0x00, 0x00, 0x00, 0x00, 0x00, 0x00, 0x00, 0x00, 0x00, 0x00, 0x00, 0x00, 0x00, 0x00, 0x00, 0x00, 0x00, 0x00, 0x00, 0x00, 0x00, 0x00, 0x00,  // 0x8D
	0x00, 0x00, 0x00, 0x00, 0x00, 0x00, 0x00, 0x00, 0x00, 0x00, 0x00, 0x00, 0x00, 0x00, 0x00, 0x00, 0x00, 0x00, 0x00, 0x00, 0x00, 0x00, 0x00, 0x00, 0x00, 0x00, 0x00, 0x00, 0x00, 0x00, 0x00, 0x00, 0x00, 0x00, 0x00, 0x00, 0x00, 0x00, 0x00, 0x00, 0x00, 0x00, 0x00, 0x00, 0x00, 0x00, 0x00, 0x00, 0x00, 0x00, 0x00, 0x00, 0x00, 0x00, 0x00, 0x00, 0x00, 0x00, 0x00, 0x00, 0x00, 0x00, 0x00, 0x00,  // 0x8E
	0x00, 0x00, 0x00, 0x00, 0x00, 0x00, 0x00, 0x00, 0x00, 0x00, 0x00, 0x00, 0x00, 0x00, 0x00, 0x00, 0x00, 0x00, 0x00, 0x00, 0x00, 0x00, 0x00, 0x00, 0x00, 0x00, 0x00, 0x00, 0x00, 0x00, 0x00, 0x00, 0x00, 0x00, 0x00, 0x00, 0x00, 0x00, 0x00, 0x00, 0x00, 0x00, 0x00, 0x00, 0x00, 0x00, 0x00, 0x00, 0x00, 0x00, 0x00, 0x00, 0x00, 0x00, 0x00, 0x00, 0x00, 0x00, 0x00, 0x00, 0x00, 0x00, 0x00, 0x00,  // 0x8F
	0x00, 0x00, 0x00, 0x00, 0x00, 0x00, 0x00, 0x00, 0x00, 0x00, 0x00, 0x00, 0x00, 0x00, 0x00, 0x00, 0x00, 0x00, 0x00, 0x00, 0x00, 0x00, 0x00, 0x00, 0x00, 0x00, 0x00, 0x00, 0x00, 0x00, 0x00, 0x00, 0x00, 0x00, 0x00, 0x00, 0x00, 0x00, 0x00, 0x00, 0x00, 0x00, 0x00, 0x00, 0x00, 0x00, 0x00, 0x00, 0x00, 0x00, 0x00, 0x00, 0x00, 0x00, 0x00, 0x00, 0x00, 0x00, 0x00, 0x00, 0x00, 0x00, 0x00, 0x00,  // 0x90
	0x00, 0x00, 0x00, 0x00, 0x00, 0x00, 0x00, 0x00, 0x00, 0x00, 0x00, 0x00, 0x00, 0x00, 0x00, 0x00, 0x00, 0x00, 0x00, 0x00, 0x00, 0x00, 0x00, 0x00, 0x00, 0x00, 0x00, 0x00, 0x00, 0x00, 0x00, 0x00, 0x00, 0x00, 0x00, 0x00, 0x00, 0x00, 0x00, 0x00, 0x00, 0x00, 0x00, 0x00, 0x00, 0x00, 0x00, 0x00, 0x00, 0x00, 0x00, 0x00, 0x00, 0x00, 0x00, 0x00, 0x00, 0x00, 0x00, 0x00, 0x00, 0x00, 0x00, 0x00,  // 0x91
	0x00, 0x00, 0x00, 0x00, 0x00, 0x00, 0x00, 0x00, 0x00, 0x00, 0x00, 0x00, 0x00, 0x00, 0x00, 0x00, 0x00, 0x00, 0x00, 0x00, 0x00, 0x00, 0x00, 0x00, 0x00, 0x00, 0x00, 0x00, 0x00, 0x00, 0x00, 0x00, 0x00, 0x00, 0x00, 0x00, 0x00, 0x00, 0x00, 0x00, 0x00, 0x00, 0x00, 0x00, 0x00, 0x00, 0x00, 0x00, 0x00, 0x00, 0x00, 0x00, 0x00, 0x00, 0x00, 0x00, 0x00, 0x00, 0x00, 0x00, 0x00, 0x00, 0x00, 0x00,  // 0x92
	0x00, 0x00, 0x00, 0x00, 0x00, 0x00, 0x00, 0x00, 0x00, 0x00, 0x00, 0x00, 0x00, 0x00, 0x00, 0x00, 0x00, 0x00, 0x00, 0x00, 0x00, 0x00, 0x00, 0x00, 0x00, 0x00, 0x00, 0x00, 0x00, 0x00, 0x00, 0x00, 0x00, 0x00, 0x00, 0x00, 0x00, 0x00, 0x00, 0x00, 0x00, 0x00, 0x00, 0x00, 0x00, 0x00, 0x00, 0x00, 0x00, 0x00, 0x00, 0x00, 0x00, 0x00, 0x00, 0x00, 0x00, 0x00, 0x00, 0x00, 0x00, 0x00, 0x00, 0x00,  // 0x93
	0x00, 0x00, 0x00, 0x00, 0x00, 0x00, 0x00, 0x00, 0x00, 0x00, 0x00, 0x00, 0x00, 0x00, 0x00, 0x00, 0x00, 0x00, 0x00, 0x00, 0x00, 0x00, 0x00, 0x00, 0x00, 0x00, 0x00, 0x00, 0x00, 0x00, 0x00, 0x00, 0x00, 0x00, 0x00, 0x00, 0x00, 0x00, 0x00, 0x00, 0x00, 0x00, 0x00, 0x00, 0x00, 0x00, 0x00, 0x00, 0x00, 0x00, 0x00, 0x00, 0x00, 0x00, 0x00, 0x00, 0x00, 0x00, 0x00, 0x00, 0x00, 0x00, 0x00, 0x00,  // 0x94
	0x00, 0x00, 0x00, 0x00, 0x00, 0x00, 0x00, 0x00, 0x00, 0x00, 0x00, 0x00, 0x00, 0x00, 0x00, 0x00, 0x00, 0x00, 0x00, 0x00, 0x00, 0x00, 0x00, 0x00, 0x00, 0x00, 0x00, 0x00, 0x00, 0x00, 0x00, 0x00, 0x00, 0x00, 0x00, 0x00, 0x00, 0x00, 0x00, 0x00, 0x00, 0x00, 0x00, 0x00, 0x00, 0x00, 0x00, 0x00, 0x00, 0x00, 0x00, 0x00, 0x00, 0x00, 0x00, 0x00, 0x00, 0x00, 0x00, 0x00, 0x00, 0x00, 0x00, 0x00,  // 0x95
	0x00, 0x00, 0x00, 0x00, 0x00, 0x00, 0x00, 0x00, 0x00, 0x00, 0x00, 0x00, 0x00, 0x00, 0x00, 0x00, 0x00, 0x00, 0x00, 0x00, 0x00, 0x00, 0x00, 0x00, 0x00, 0x00, 0x00, 0x00, 0x00, 0x00, 0x00, 0x00, 0x00, 0x00, 0x00, 0x00, 0x00, 0x00, 0x00, 0x00, 0x00, 0x00, 0x00, 0x00, 0x00, 0x00, 0x00, 0x00, 0x00, 0x00, 0x00, 0x00, 0x00, 0x00, 0x00, 0x00, 0x00, 0x00, 0x00, 0x00, 0x00, 0x00, 0x00, 0x00,  // 0x96
	0x00, 0x00, 0x00, 0x00, 0x00, 0x00, 0x00, 0x00, 0x00, 0x00, 0x00, 0x00, 0x00, 0x00, 0x00, 0x00, 0x00, 0x00, 0x00, 0x00, 0x00, 0x00, 0x00, 0x00, 0x00, 0x00, 0x00, 0x00, 0x00, 0x00, 0x00, 0x00, 0x00, 0x00, 0x00, 0x00, 0x00, 0x00, 0x00, 0x00, 0x00, 0x00, 0x00, 0x00, 0x00, 0x00, 0x00, 0x00, 0x00, 0x00, 0x00, 0x00, 0x00, 0x00, 0x00, 0x00, 0x00, 0x00, 0x00, 0x00, 0x00, 0x00, 0x00, 0x00,  // 0x97
	0x00, 0x00, 0x00, 0x00, 0x00, 0x00, 0x00, 0x00, 0x00, 0x00, 0x00, 0x00, 0x00, 0x00, 0x00, 0x00, 0x00, 0x00, 0x00, 0x00, 0x00, 0x00, 0x00, 0x00, 0x00, 0x00, 0x00, 0x00, 0x00, 0x00, 0x00, 0x00, 0x00, 0x00, 0x00, 0x00, 0x00, 0x00, 0x00, 0x00, 0x00, 0x00, 0x00, 0x00, 0x00, 0x00, 0x00, 0x00, 0x00, 0x00, 0x00, 0x00, 0x00, 0x00, 0x00, 0x00, 0x00, 0x00, 0x00, 0x00, 0x00, 0x00, 0x00, 0x00,  // 0x98
	0x00, 0x00, 0x00, 0x00, 0x00, 0x00, 0x00, 0x00, 0x00, 0x00, 0x00, 0x00, 0x00, 0x00, 0x00, 0x00, 0x00, 0x00, 0x00, 0x00, 0x00, 0x00, 0x00, 0x00, 0x00, 0x00, 0x00, 0x00, 0x00, 0x00, 0x00, 0x00, 0x00, 0x00, 0x00, 0x00, 0x00, 0x00, 0x00, 0x00, 0x00, 0x00, 0x00, 0x00, 0x00, 0x00, 0x00, 0x00, 0x00, 0x00, 0x00, 0x00, 0x00, 0x00, 0x00, 0x00, 0x00, 0x00, 0x00, 0x00, 0x00, 0x00, 0x00, 0x00,  // 0x99
	0x00, 0x00, 0x00, 0x00, 0x00, 0x00, 0x00, 0x00, 0x00, 0x00, 0x00, 0x00, 0x00, 0x00, 0x00, 0x00, 0x00, 0x00, 0x00, 0x00, 0x00, 0x00, 0x00, 0x00, 0x00, 0x00, 0x00, 0x00, 0x00, 0x00, 0x00, 0x00, 0x00, 0x00, 0x00, 0x00, 0x00, 0x00, 0x00, 0x00, 0x00, 0x00, 0x00, 0x00, 0x00, 0x00, 0x00, 0x00, 0x00, 0x00, 0x00, 0x00, 0x00, 0x00, 0x00, 0x00, 0x00, 0x00, 0x00, 0x00, 0x00, 0x00, 0x00, 0x00,  // 0x9A
	0x00, 0x00, 0x00, 0x00, 0x00, 0x00, 0x00, 0x00, 0x00, 0x00, 0x00, 0x00, 0x00, 0x00, 0x00, 0x00, 0x00, 0x00, 0x00, 0x00, 0x00, 0x00, 0x00, 0x00, 0x00, 0x00, 0x00, 0x00, 0x00, 0x00, 0x00, 0x00, 0x00, 0x00, 0x00, 0x00, 0x00, 0x00, 0x00, 0x00, 0x00, 0x00, 0x00, 0x00, 0x00, 0x00, 0x00, 0x00, 0x00, 0x00, 0x00, 0x00, 0x00, 0x00, 0x00, 0x00, 0x00, 0x00, 0x00, 0x00, 0x00, 0x00, 0x00, 0x00,  // 0x9B
	0x00, 0x00, 0x00, 0x00, 0x00, 0x00, 0x00, 0x00, 0x00, 0x00, 0x00, 0x00, 0x00, 0x00, 0x00, 0x00, 0x00, 0x00, 0x00, 0x00, 0x00, 0x00, 0x00, 0x00, 0x00, 0x00, 0x00, 0x00, 0x00, 0x00, 0x00, 0x00, 0x00, 0x00, 0x00, 0x00, 0x00, 0x00, 0x00, 0x00, 0x00, 0x00, 0x00, 0x00, 0x00, 0x00, 0x00, 0x00, 0x00, 0x00, 0x00, 0x00, 0x00, 0x00, 0x00, 0x00, 0x00, 0x00, 0x00, 0x00, 0x00, 0x00, 0x00, 0x00,  // 0x9C
	0x00, 0x00, 0x00, 0x00, 0x00, 0x00, 0x00, 0x00, 0x00, 0x00, 0x00, 0x00, 0x00, 0x00, 0x00, 0x00, 0x00, 0x00, 0x00, 0x00, 0x00, 0x00, 0x00, 0x00, 0x00, 0x00, 0x00, 0x00, 0x00, 0x00, 0x00, 0x00, 0x00, 0x00, 0x00, 0x00, 0x00, 0x00, 0x00, 0x00, 0x00, 0x00, 0x00, 0x00, 0x00, 0x00, 0x00, 0x00, 0x00, 0x00, 0x00, 0x00, 0x00, 0x00, 0x00, 0x00, 0x00, 0x00, 0x00, 0x00, 0x00, 0x00, 0x00, 0x00,  // 0x9D
	0x00, 0x00, 0x00, 0x00, 0x00, 0x00, 0x00, 0x00, 0x00, 0x00, 0x00, 0x00, 0x00, 0x00, 0x00, 0x00, 0x00, 0x00, 0x00, 0x00, 0x00, 0x00, 0x00, 0x00, 0x00, 0x00, 0x00, 0x00, 0x00, 0x00, 0x00, 0x00, 0x00, 0x00, 0x00, 0x00, 0x00, 0x00, 0x00, 0x00, 0x00, 0x00, 0x00, 0x00, 0x00, 0x00, 0x00, 0x00, 0x00, 0x00, 0x00, 0x00, 0x00, 0x00, 0x00, 0x00, 0x00, 0x00, 0x00, 0x00, 0x00, 0x00, 0x00, 0x00,  // 0x9E
	0x00, 0x00, 0x00, 0x00, 0x00, 0x00, 0x00, 0x00, 0x00, 0x00, 0x00, 0x00, 0x00, 0x00, 0x00, 0x00, 0x00, 0x00, 0x00, 0x00, 0x00, 0x00, 0x00, 0x00, 0x00, 0x00, 0x00, 0x00, 0x00, 0x00, 0x00, 0x00, 0x00, 0x00, 0x00, 0x00, 0x00, 0x00, 0x00, 0x00, 0x00, 0x00, 0x00, 0x00, 0x00, 0x00, 0x00, 0x00, 0x00, 0x00, 0x00, 0x00, 0x00, 0x00, 0x00, 0x00, 0x00, 0x00, 0x00, 0x00, 0x00, 0x00, 0x00, 0x00,  // 0x9F
	0x05, 0x00, 0x00, 0x00, 0x00, 0x00, 0x00, 0x00, 0x00, 0x00, 0x00, 0x00, 0x00, 0x00, 0x00, 0x00, 0x00, 0x00, 0x00, 0x00, 0x00, 0x00, 0x00, 0x00, 0x00, 0x00, 0x00, 0x00, 0x00, 0x00, 0x00, 0x00, 0x00, 0x00, 0x00, 0x00, 0x00, 0x00, 0x00, 0x00, 0x00, 0x00, 0x00, 0x00, 0x00, 0x00, 0x00, 0x00, 0x00, 0x00, 0x00, 0x00, 0x00, 0x00, 0x00, 0x00, 0x00, 0x00, 0x00, 0x00, 0x00, 0x00, 0x00, 0x00,  // 0xA0
	0x06, 0x00, 0x00, 0x00, 0x00, 0x00, 0x00, 0x00, 0xE7, 0xFF, 0x00, 0xE7, 0xFF, 0x00, 0x00, 0x00, 0x00, 0x00, 0x00, 0x00, 0x00, 0x00, 0x00, 0x00, 0x00, 0x00, 0x00, 0x00, 0x00, 0x00, 0x00, 0x00, 0x00, 0x00, 0x00, 0x00, 0x00, 0x00, 0x00, 0x00, 0x00, 0x00, 0x00, 0x00, 0x00, 0x00, 0x00, 0x00, 0x00, 0x00, 0x00, 0x00, 0x00, 0x00, 0x00, 0x00, 0x00, 0x00, 0x00, 0x00, 0x00, 0x00, 0x00, 0x00,  // 0xA1
	0x0C, 0x00, 0x00, 0x00, 0x00, 0x00, 0x00, 0x00, 0xF8, 0x01, 0x00, 0xFC, 0x07, 0x00, 0x0E, 0x07, 0x00, 0x03, 0x0C, 0xE0, 0x03, 0x7C, 0xE0, 0x03, 0x7C, 0x00, 0x03, 0x0C, 0x00, 0x03, 0x0C, 0x00, 0x00, 0x00, 0x00, 0x00, 0x00, 0x00, 0x00, 0x00, 0x00, 0x00, 0x00, 0x00, 0x00, 0x00, 0x00, 0x00, 0x00, 0x00, 0x00, 0x00, 0x00, 0x00, 0x00, 0x00, 0x00, 0x00, 0x00, 0x00, 0x00, 0x00, 0x00, 0x00,  // 0xA2
	0x0C, 0x00, 0x00, 0x00, 0x00, 0x30, 0x00, 0x00, 0x30, 0x0C, 0x80, 0xFF, 0x0F, 0xC0, 0xFF, 0x0F, 0xE0, 0x30, 0x0C, 0x60, 0x30, 0x0C, 0x60, 0x30, 0x0C, 0x60, 0x30, 0x0C, 0x60, 0x00, 0x0C, 0xE0, 0x00, 0x0C, 0x00, 0x00, 0x00, 0x00, 0x00, 0x00, 0x00, 0x00, 0x00, 0x00, 0x00, 0x00, 0x00, 0x00, 0x00, 0x00, 0x00, 0x00, 0x00, 0x00, 0x00, 0x00, 0x00, 0x00, 0x00, 0x00, 0x00, 0x00, 0x00, 0x00,  // 0xA3
	0x0C, 0x00, 0x00, 0x00, 0x00, 0x02, 0x01, 0x00, 0xFF, 0x03, 0x00, 0xFE, 0x01, 0x00, 0xCE, 0x01, 0x00, 0x86, 0x01, 0x00, 0x86, 0x01, 0x00, 0xCE, 0x01, 0x00, 0xFE, 0x01, 0x00, 0xFF, 0x03, 0x00, 0x02, 0x01, 0x00, 0x00, 0x00, 0x00, 0x00, 0x00, 0x00, 0x00, 0x00, 0x00, 0x00, 0x00, 0x00, 0x00, 0x00, 0x00, 0x00, 0x00, 0x00, 0x00, 0x00, 0x00, 0x00, 0x00, 0x00, 0x00, 0x00, 0x00, 0x00, 0x00,  // 0xA4
	0x0D, 0x20, 0x00, 0x00, 0x60, 0x30, 0x03, 0xC0, 0x31, 0x03, 0x80, 0x37, 0x03, 0x00, 0x3E, 0x03, 0x00, 0xFC, 0x0F, 0x00, 0xFC, 0x0F, 0x00, 0x3E, 0x03, 0x80, 0x37, 0x03, 0xE0, 0x31, 0x03, 0x60, 0x30, 0x03, 0x20, 0x00, 0x00, 0x00, 0x00, 0x00, 0x00, 0x00, 0x00, 0x00, 0x00, 0x00, 0x00, 0x00, 0x00, 0x00, 0x00, 0x00, 0x00, 0x00, 0x00, 0x00, 0x00, 0x00, 0x00, 0x00, 0x00, 0x00, 0x00, 0x00,  // 0xA5
	0x06, 0x00, 0x00, 0x00, 0x00, 0x00, 0x00, 0xF8, 0x07, 0xFF, 0xF8, 0x07, 0xFF, 0x00, 0x00, 0x00, 0x00, 0x00, 0x00, 0x00, 0x00, 0x00, 0x00, 0x00, 0x00, 0x00, 0x00, 0x00, 0x00, 0x00, 0x00, 0x00, 0x00, 0x00, 0x00, 0x00, 0x00, 0x00, 0x00, 0x00, 0x00, 0x00, 0x00, 0x00, 0x00, 0x00, 0x00, 0x00, 0x00, 0x00, 0x00, 0x00, 0x00, 0x00, 0x00, 0x00, 0x00, 0x00, 0x00, 0x00, 0x00, 0x00, 0x00, 0x00,  // 0xA6
	0x0B, 0x00, 0x00, 0x00, 0x00, 0x78, 0x18, 0xC0, 0xFD, 0x30, 0xE0, 0xC7, 0x30, 0x30, 0x83, 0x30, 0x30, 0x86, 0x31, 0x30, 0x86, 0x31, 0x30, 0x8C, 0x33, 0x30, 0xFC, 0x1F, 0x70, 0x78, 0x0E, 0x00, 0x00, 0x00, 0x00, 0x00, 0x00, 0x00, 0x00, 0x00, 0x00, 0x00, 0x00, 0x00, 0x00, 0x00, 0x00, 0x00, 0x00, 0x00, 0x00, 0x00, 0x00, 0x00, 0x00, 0x00, 0x00, 0x00, 0x00, 0x00, 0x00, 0x00, 0x00, 0x00,  // 0xA7
	0x09, 0x38, 0x00, 0x00, 0x38, 0x00, 0x00, 0x38, 0x00, 0x00, 0x00, 0x00, 0x00, 0x00, 0x00, 0x00, 0x38, 0x00, 0x00, 0x38, 0x00, 0x00, 0x38, 0x00, 0x00, 0x00, 0x00, 0x00, 0x00, 0x00, 0x00, 0x00, 0x00, 0x00, 0x00, 0x00, 0x00, 0x00, 0x00, 0x00, 0x00, 0x00, 0x00, 0x00, 0x00, 0x00, 0x00, 0x00, 0x00, 0x00, 0x00, 0x00, 0x00, 0x00, 0x00, 0x00, 0x00, 0x00, 0x00, 0x00, 0x00, 0x00, 0x00, 0x00,  // 0xA8
	0x12, 0x00, 0x00, 0x00, 0x00, 0x7C, 0x00, 0x00, 0xFF, 0x01, 0x80, 0x83, 0x03, 0xC0, 0x01, 0x07, 0xC0, 0x38, 0x06, 0x60, 0x7C, 0x0C, 0x60, 0xEE, 0x0C, 0x60, 0xC6, 0x0C, 0x60, 0xC6, 0x0C, 0x60, 0xC6, 0x0C, 0x60, 0xC6, 0x0C, 0xC0, 0x00, 0x06, 0xC0, 0x01, 0x07, 0x80, 0x83, 0x03, 0x00, 0xFF, 0x01, 0x00, 0x7C, 0x00, 0x00, 0x00, 0x00, 0x00, 0x00, 0x00, 0x00, 0x00, 0x00, 0x00, 0x00, 0x00,  // 0xA9
	0x09, 0x00, 0x00, 0x00, 0x00, 0x0E, 0x00, 0x60, 0x1F, 0x00, 0x60, 0x1B, 0x00, 0x60, 0x1B, 0x00, 0x60, 0x1B, 0x00, 0xE0, 0x1F, 0x00, 0xC0, 0x1F, 0x00, 0x00, 0x00, 0x00, 0x00, 0x00, 0x00, 0x00, 0x00, 0x00, 0x00, 0x00, 0x00, 0x00, 0x00, 0x00, 0x00, 0x00, 0x00, 0x00, 0x00, 0x00, 0x00, 0x00, 0x00, 0x00, 0x00, 0x00, 0x00, 0x00, 0x00, 0x00, 0x00, 0x00, 0x00, 0x00, 0x00, 0x00, 0x00, 0x00,  // 0xAA
	0x0B, 0x00, 0x00, 0x00, 0x00, 0x20, 0x00, 0x00, 0xF8, 0x00, 0x00, 0xDC, 0x01, 0x00, 0x06, 0x03, 0x00, 0x00, 0x00, 0x00, 0x20, 0x00, 0x00, 0xF8, 0x00, 0x00, 0xDC, 0x01, 0x00, 0x06, 0x03, 0x00, 0x00, 0x00, 0x00, 0x00, 0x00, 0x00, 0x00, 0x00, 0x00, 0x00, 0x00, 0x00, 0x00, 0x00, 0x00, 0x00, 0x00, 0x00, 0x00, 0x00, 0x00, 0x00, 0x00, 0x00, 0x00, 0x00, 0x00, 0x00, 0x00, 0x00, 0x00, 0x00,  // 0xAB
	0x0C, 0x00, 0x00, 0x00, 0x00, 0x18, 0x00, 0x00, 0x18, 0x00, 0x00, 0x18, 0x00, 0x00, 0x18, 0x00, 0x00, 0x18, 0x00, 0x00, 0x18, 0x00, 0x00, 0x18, 0x00, 0x00, 0x18, 0x00, 0x00, 0xF8, 0x07, 0x00, 0xF8, 0x07, 0x00, 0x00, 0x00, 0x00, 0x00, 0x00, 0x00, 0x00, 0x00, 0x00, 0x00, 0x00, 0x00, 0x00, 0x00, 0x00, 0x00, 0x00, 0x00, 0x00, 0x00, 0x00, 0x00, 0x00, 0x00, 0x00, 0x00, 0x00, 0x00, 0x00,  // 0xAC
	0x01, 0x00, 0x00, 0x00, 0x00, 0x00, 0x00, 0x00, 0x00, 0x00, 0x00, 0x00, 0x00, 0x00, 0x00, 0x00, 0x00, 0x00, 0x00, 0x00, 0x00, 0x00, 0x00, 0x00, 0x00, 0x00, 0x00, 0x00, 0x00, 0x00, 0x00, 0x00, 0x00, 0x00, 0x00, 0x00, 0x00, 0x00, 0x00, 0x00, 0x00, 0x00, 0x00, 0x00, 0x00, 0x00, 0x00, 0x00, 0x00, 0x00, 0x00, 0x00, 0x00, 0x00, 0x00, 0x00, 0x00, 0x00, 0x00, 0x00, 0x00, 0x00, 0x00, 0x00,  // 0xAD
	0x12, 0x00, 0x00, 0x00, 0x00, 0x7C, 0x00, 0x00, 0xFF, 0x01, 0x80, 0x83, 0x03, 0xC0, 0x01, 0x07, 0xC0, 0x00, 0x06, 0x60, 0xFE, 0x0C, 0x60, 0xFE, 0x0C, 0x60, 0x16, 0x0C, 0x60, 0x76, 0x0C, 0x60, 0xFE, 0x0C, 0x60, 0x8C, 0x0C, 0xC0, 0x00, 0x06, 0xC0, 0x01, 0x07, 0x80, 0x83, 0x03, 0x00, 0xFF, 0x01, 0x00, 0x7C, 0x00, 0x00, 0x00, 0x00, 0x00, 0x00, 0x00, 0x00, 0x00, 0x00, 0x00, 0x00, 0x00,  // 0xAE
	0x08, 0x00, 0x00, 0x00, 0x30, 0x00, 0x00, 0x30, 0x00, 0x00, 0x30, 0x00, 0x00, 0x30, 0x00, 0x00, 0x30, 0x00, 0x00, 0x30, 0x00, 0x00, 0x00, 0x00, 0x00, 0x00, 0x00, 0x00, 0x00, 0x00, 0x00, 0x00, 0x00, 0x00, 0x00, 0x00, 0x00, 0x00, 0x00, 0x00, 0x00, 0x00, 0x00, 0x00, 0x00, 0x00, 0x00, 0x00, 0x00, 0x00, 0x00, 0x00, 0x00, 0x00, 0x00, 0x00, 0x00, 0x00, 0x00, 0x00, 0x00, 0x00, 0x00, 0x00,  // 0xAF
	0x08, 0x00, 0x00, 0x00, 0xF0, 0x00, 0x00, 0xF8, 0x01, 0x00, 0x98, 0x01, 0x00, 0x98, 0x01, 0x00, 0xF8, 0x01, 0x00, 0xF0, 0x00, 0x00, 0x00, 0x00, 0x00, 0x00, 0x00, 0x00, 0x00, 0x00, 0x00, 0x00, 0x00, 0x00, 0x00, 0x00, 0x00, 0x00, 0x00, 0x00, 0x00, 0x00, 0x00, 0x00, 0x00, 0x00, 0x00, 0x00, 0x00, 0x00, 0x00, 0x00, 0x00, 0x00, 0x00, 0x00, 0x00, 0x00, 0x00, 0x00, 0x00, 0x00, 0x00, 0x00,  // 0xB0
	0x0C, 0x00, 0x00, 0x00, 0x00, 0x18, 0x0C, 0x00, 0x18, 0x0C, 0x00, 0x18, 0x0C, 0x00, 0x18, 0x0C, 0x80, 0xFF, 0x0D, 0x80, 0xFF, 0x0D, 0x00, 0x18, 0x0C, 0x00, 0x18, 0x0C, 0x00, 0x18, 0x0C, 0x00, 0x18, 0x0C, 0x00, 0x00, 0x00, 0x00, 0x00, 0x00, 0x00, 0x00, 0x00, 0x00, 0x00, 0x00, 0x00, 0x00, 0x00, 0x00, 0x00, 0x00, 0x00, 0x00, 0x00, 0x00, 0x00, 0x00, 0x00, 0x00, 0x00, 0x00, 0x00, 0x00,  // 0xB1
	0x08, 0x00, 0x00, 0x00, 0x40, 0x30, 0x00, 0x60, 0x38, 0x00, 0x60, 0x34, 0x00, 0x60, 0x36, 0x00, 0xE0, 0x33, 0x00, 0xC0, 0x31, 0x00, 0x00, 0x00, 0x00, 0x00, 0x00, 0x00, 0x00, 0x00, 0x00, 0x00, 0x00, 0x00, 0x00, 0x00, 0x00, 0x00, 0x00, 0x00, 0x00, 0x00, 0x00, 0x00, 0x00, 0x00, 0x00, 0x00, 0x00, 0x00, 0x00, 0x00, 0x00, 0x00, 0x00, 0x00, 0x00, 0x00, 0x00, 0x00, 0x00, 0x00, 0x00, 0x00,  // 0xB2
	0x08, 0x00, 0x00, 0x00, 0x60, 0x30, 0x00, 0x60, 0x30, 0x00, 0x60, 0x33, 0x00, 0x60, 0x33, 0x00, 0xE0, 0x3F, 0x00, 0xC0, 0x1E, 0x00, 0x00, 0x00, 0x00, 0x00, 0x00, 0x00, 0x00, 0x00, 0x00, 0x00, 0x00, 0x00, 0x00, 0x00, 0x00, 0x00, 0x00, 0x00, 0x00, 0x00, 0x00, 0x00, 0x00, 0x00, 0x00, 0x00, 0x00, 0x00, 0x00, 0x00, 0x00, 0x00, 0x00, 0x00, 0x00, 0x00, 0x00, 0x00, 0x00, 0x00, 0x00, 0x00,  // 0xB3
	0x08, 0x00, 0x00, 0x00, 0x00, 0x00, 0x00, 0x00, 0x00, 0x00, 0x20, 0x00, 0x00, 0x70, 0x00, 0x00, 0x38, 0x00, 0x00, 0x10, 0x00, 0x00, 0x00, 0x00, 0x00, 0x00, 0x00, 0x00, 0x00, 0x00, 0x00, 0x00, 0x00, 0x00, 0x00, 0x00, 0x00, 0x00, 0x00, 0x00, 0x00, 0x00, 0x00, 0x00, 0x00, 0x00, 0x00, 0x00, 0x00, 0x00, 0x00, 0x00, 0x00, 0x00, 0x00, 0x00, 0x00, 0x00, 0x00, 0x00, 0x00, 0x00, 0x00, 0x00,  // 0xB4
	0x0D, 0x00, 0x00, 0x00, 0x00, 0x00, 0x00, 0x00, 0xFF, 0xFF, 0x00, 0xFF, 0xFF, 0x00, 0x00, 0x0E, 0x00, 0x00, 0x0C, 0x00, 0x00, 0x0C, 0x00, 0x00, 0x0C, 0x00, 0x00, 0x0C, 0x00, 0xFF, 0x0F, 0x00, 0xFF, 0x0F, 0x00, 0x00, 0x00, 0x00, 0x00, 0x00, 0x00, 0x00, 0x00, 0x00, 0x00, 0x00, 0x00, 0x00, 0x00, 0x00, 0x00, 0x00, 0x00, 0x00, 0x00, 0x00, 0x00, 0x00, 0x00, 0x00, 0x00, 0x00, 0x00, 0x00,  // 0xB5
	0x0E, 0x00, 0x00, 0x00, 0x00, 0x0F, 0x00, 0xC0, 0x1F, 0x00, 0xC0, 0x3F, 0x00, 0xE0, 0x3F, 0x00, 0xE0, 0x3F, 0x00, 0xE0, 0xFF, 0xFF, 0xE0, 0xFF, 0xFF, 0x60, 0x00, 0x00, 0x60, 0x00, 0x00, 0xE0, 0xFF, 0xFF, 0xE0, 0xFF, 0xFF, 0x00, 0x00, 0x00, 0x00, 0x00, 0x00, 0x00, 0x00, 0x00, 0x00, 0x00, 0x00, 0x00, 0x00, 0x00, 0x00, 0x00, 0x00, 0x00, 0x00, 0x00, 0x00, 0x00, 0x00, 0x00, 0x00, 0x00,  // 0xB6
	0x05, 0x00, 0x00, 0x00, 0x00, 0x70, 0x00, 0x00, 0x70, 0x00, 0x00, 0x70, 0x00, 0x00, 0x00, 0x00, 0x00, 0x00, 0x00, 0x00, 0x00, 0x00, 0x00, 0x00, 0x00, 0x00, 0x00, 0x00, 0x00, 0x00, 0x00, 0x00, 0x00, 0x00, 0x00, 0x00, 0x00, 0x00, 0x00, 0x00, 0x00, 0x00, 0x00, 0x00, 0x00, 0x00, 0x00, 0x00, 0x00, 0x00, 0x00, 0x00, 0x00, 0x00, 0x00, 0x00, 0x00, 0x00, 0x00, 0x00, 0x00, 0x00, 0x00, 0x00,  // 0xB7
	0x08, 0x00, 0x00, 0x00, 0x00, 0x00, 0x80, 0x00, 0x00, 0x80, 0x00, 0x00, 0xA0, 0x00, 0x00, 0xF0, 0x00, 0x00, 0x70, 0x00, 0x00, 0x00, 0x00, 0x00, 0x00, 0x00, 0x00, 0x00, 0x00, 0x00, 0x00, 0x00, 0x00, 0x00, 0x00, 0x00, 0x00, 0x00, 0x00, 0x00, 0x00, 0x00, 0x00, 0x00, 0x00, 0x00, 0x00, 0x00, 0x00, 0x00, 0x00, 0x00, 0x00, 0x00, 0x00, 0x00, 0x00, 0x00, 0x00, 0x00, 0x00, 0x00, 0x00, 0x00,  // 0xB8
	0x08, 0x00, 0x00, 0x00, 0x00, 0x00, 0x00, 0x80, 0x01, 0x00, 0xC0, 0x00, 0x00, 0xE0, 0x3F, 0x00, 0xE0, 0x3F, 0x00, 0x00, 0x00, 0x00, 0x00, 0x00, 0x00, 0x00, 0x00, 0x00, 0x00, 0x00, 0x00, 0x00, 0x00, 0x00, 0x00, 0x00, 0x00, 0x00, 0x00, 0x00, 0x00, 0x00, 0x00, 0x00, 0x00, 0x00, 0x00, 0x00, 0x00, 0x00, 0x00, 0x00, 0x00, 0x00, 0x00, 0x00, 0x00, 0x00, 0x00, 0x00, 0x00, 0x00, 0x00, 0x00,  // 0xB9
	0x0A, 0x00, 0x00, 0x00, 0x80, 0x07, 0x00, 0xC0, 0x0F, 0x00, 0xE0, 0x1C, 0x00, 0x60, 0x18, 0x00, 0x60, 0x18, 0x00, 0xE0, 0x1C, 0x00, 0xC0, 0x0F, 0x00, 0x80, 0x07, 0x00, 0x00, 0x00, 0x00, 0x00, 0x00, 0x00, 0x00, 0x00, 0x00, 0x00, 0x00, 0x00, 0x00, 0x00, 0x00, 0x00, 0x00, 0x00, 0x00, 0x00, 0x00, 0x00, 0x00, 0x00, 0x00, 0x00, 0x00, 0x00, 0x00, 0x00, 0x00, 0x00, 0x00, 0x00, 0x00, 0x00,  // 0xBA
	0x0B, 0x00, 0x00, 0x00, 0x00, 0x06, 0x03, 0x00, 0xDC, 0x01, 0x00, 0xF8, 0x00, 0x00, 0x20, 0x00, 0x00, 0x00, 0x00, 0x00, 0x06, 0x03, 0x00, 0xDC, 0x01, 0x00, 0xF8, 0x00, 0x00, 0x20, 0x00, 0x00, 0x00, 0x00, 0x00, 0x00, 0x00, 0x00, 0x00, 0x00, 0x00, 0x00, 0x00, 0x00, 0x00, 0x00, 0x00, 0x00, 0x00, 0x00, 0x00, 0x00, 0x00, 0x00, 0x00, 0x00, 0x00, 0x00, 0x00, 0x00, 0x00, 0x00, 0x00, 0x00,  // 0xBB
	0x13, 0x00, 0x00, 0x00, 0x00, 0x00, 0x00, 0x80, 0x01, 0x00, 0xC0, 0x00, 0x00, 0xE0, 0x3F, 0x08, 0xE0, 0x3F, 0x0E, 0x00, 0x00, 0x07, 0x00, 0xC0, 0x03, 0x00, 0xF0, 0x00, 0x00, 0x38, 0x00, 0x00, 0x1E, 0x00, 0x80, 0x07, 0x00, 0xC0, 0x01, 0x07, 0xE0, 0xC0, 0x07, 0x20, 0x60, 0x06, 0x00, 0xF0, 0x1F, 0x00, 0xF0, 0x1F, 0x00, 0x00, 0x06, 0x00, 0x00, 0x00, 0x00, 0x00, 0x00, 0x00, 0x00, 0x00,  // 0xBC
	0x13, 0x00, 0x00, 0x00, 0x00, 0x00, 0x00, 0x80, 0x01, 0x00, 0xC0, 0x00, 0x00, 0xE0, 0x3F, 0x08, 0xE0, 0x3F, 0x0E, 0x00, 0x00, 0x07, 0x00, 0xC0, 0x03, 0x00, 0xF0, 0x00, 0x00, 0x38, 0x00, 0x00, 0x1E, 0x00, 0x80, 0x07, 0x00, 0xC0, 0x21, 0x18, 0xE0, 0x30, 0x1C, 0x20, 0x30, 0x1A, 0x00, 0x30, 0x1B, 0x00, 0xF0, 0x19, 0x00, 0xE0, 0x18, 0x00, 0x00, 0x00, 0x00, 0x00, 0x00, 0x00, 0x00, 0x00,  // 0xBD
	0x13, 0x00, 0x00, 0x00, 0x60, 0x30, 0x00, 0x60, 0x30, 0x00, 0x60, 0x33, 0x00, 0x60, 0x33, 0x08, 0xE0, 0x3F, 0x0E, 0xC0, 0x1E, 0x07, 0x00, 0xC0, 0x03, 0x00, 0xF0, 0x00, 0x00, 0x38, 0x00, 0x00, 0x1E, 0x00, 0x80, 0x07, 0x00, 0xC0, 0x01, 0x07, 0xE0, 0xC0, 0x07, 0x20, 0x60, 0x06, 0x00, 0xF0, 0x1F, 0x00, 0xF0, 0x1F, 0x00, 0x00, 0x06, 0x00, 0x00, 0x00, 0x00, 0x00, 0x00, 0x00, 0x00, 0x00,  // 0xBE
	0x0A, 0x00, 0x00, 0x00, 0x00, 0x00, 0x38, 0x00, 0x00, 0x7E, 0x00, 0x00, 0xE7, 0x00, 0x80, 0xC3, 0x00, 0xE7, 0xC1, 0x00, 0xE7, 0xC0, 0x00, 0x00, 0xC0, 0x00, 0x00, 0x40, 0x00, 0x00, 0x00, 0x00, 0x00, 0x00, 0x00, 0x00, 0x00, 0x00, 0x00, 0x00, 0x00, 0x00, 0x00, 0x00, 0x00, 0x00, 0x00, 0x00, 0x00, 0x00, 0x00, 0x00, 0x00, 0x00, 0x00, 0x00, 0x00, 0x00, 0x00, 0x00, 0x00, 0x00, 0x00, 0x00,  // 0xBF
	0x10, 0x00, 0x00, 0x08, 0x00, 0x00, 0x0F, 0x00, 0xC0, 0x07, 0x00, 0xF0, 0x01, 0x00, 0xFE, 0x00, 0x82, 0xCF, 0x00, 0xE7, 0xC1, 0x00, 0x6E, 0xC0, 0x00, 0xE4, 0xC1, 0x00, 0x80, 0xCF, 0x00, 0x00, 0xFE, 0x00, 0x00, 0xF0, 0x01, 0x00, 0xC0, 0x07, 0x00, 0x00, 0x0F, 0x00, 0x00, 0x08, 0x00, 0x00, 0x00, 0x00, 0x00, 0x00, 0x00, 0x00, 0x00, 0x00, 0x00, 0x00, 0x00, 0x00, 0x00, 0x00, 0x00, 0x00,  // 0xC0
	0x10, 0x00, 0x00, 0x08, 0x00, 0x00, 0x0F, 0x00, 0xC0, 0x07, 0x00, 0xF0, 0x01, 0x00, 0xFE, 0x00, 0x80, 0xCF, 0x00, 0xE4, 0xC1, 0x00, 0x6E, 0xC0, 0x00, 0xE7, 0xC1, 0x00, 0x82, 0xCF, 0x00, 0x00, 0xFE, 0x00, 0x00, 0xF0, 0x01, 0x00, 0xC0, 0x07, 0x00, 0x00, 0x0F, 0x00, 0x00, 0x08, 0x00, 0x00, 0x00, 0x00, 0x00, 0x00, 0x00, 0x00, 0x00, 0x00, 0x00, 0x00, 0x00, 0x00, 0x00, 0x00, 0x00, 0x00,  // 0xC1
	0x10, 0x00, 0x00, 0x08, 0x00, 0x00, 0x0F, 0x00, 0xC0, 0x07, 0x00, 0xF0, 0x01, 0x00, 0xFE, 0x00, 0x8C, 0xCF, 0x00, 0xE6, 0xC1, 0x00, 0x63, 0xC0, 0x00, 0xE6, 0xC1, 0x00, 0x8C, 0xCF, 0x00, 0x00, 0xFE, 0x00, 0x00, 0xF0, 0x01, 0x00, 0xC0, 0x07, 0x00, 0x00, 0x0F, 0x00, 0x00, 0x08, 0x00, 0x00, 0x00, 0x00, 0x00, 0x00, 0x00, 0x00, 0x00, 0x00, 0x00, 0x00, 0x00, 0x00, 0x00, 0x00, 0x00, 0x00,  // 0xC2
	0x10, 0x00, 0x00, 0x08, 0x00, 0x00, 0x0F, 0x00, 0xC0, 0x07, 0x00, 0xF0, 0x01, 0x06, 0xFE, 0x00, 0x83, 0xCF, 0x00, 0xE3, 0xC1, 0x00, 0x67, 0xC0, 0x00, 0xE6, 0xC1, 0x00, 0x86, 0xCF, 0x00, 0x03, 0xFE, 0x00, 0x00, 0xF0, 0x01, 0x00, 0xC0, 0x07, 0x00, 0x00, 0x0F, 0x00, 0x00, 0x08, 0x00, 0x00, 0x00, 0x00, 0x00, 0x00, 0x00, 0x00, 0x00, 0x00, 0x00, 0x00, 0x00, 0x00, 0x00, 0x00, 0x00, 0x00,  // 0xC3
	0x10, 0x00, 0x00, 0x08, 0x00, 0x00, 0x0F, 0x00, 0xC0, 0x07, 0x00, 0xF0, 0x01, 0x07, 0xFE, 0x00, 0x87, 0xCF, 0x00, 0xE7, 0xC1, 0x00, 0x60, 0xC0, 0x00, 0xE0, 0xC1, 0x00, 0x87, 0xCF, 0x00, 0x07, 0xFE, 0x00, 0x07, 0xF0, 0x01, 0x00, 0xC0, 0x07, 0x00, 0x00, 0x0F, 0x00, 0x00, 0x08, 0x00, 0x00, 0x00, 0x00, 0x00, 0x00, 0x00, 0x00, 0x00, 0x00, 0x00, 0x00, 0x00, 0x00, 0x00, 0x00, 0x00, 0x00,  // 0xC4
	0x10, 0x00, 0x00, 0x08, 0x00, 0x00, 0x0E, 0x00, 0xC0, 0x07, 0x00, 0xF0, 0x01, 0x00, 0xFC, 0x00, 0x18, 0xCF, 0x00, 0xFC, 0xC3, 0x00, 0xE4, 0xC0, 0x00, 0xFC, 0xC3, 0x00, 0x18, 0xCF, 0x00, 0x00, 0xFC, 0x00, 0x00, 0xF0, 0x01, 0x00, 0xC0, 0x07, 0x00, 0x00, 0x0E, 0x00, 0x00, 0x08, 0x00, 0x00, 0x00, 0x00, 0x00, 0x00, 0x00, 0x00, 0x00, 0x00, 0x00, 0x00, 0x00, 0x00, 0x00, 0x00, 0x00, 0x00,  // 0xC5
	0x15, 0x00, 0x00, 0x08, 0x00, 0x00, 0x0C, 0x00, 0x00, 0x0F, 0x00, 0x80, 0x03, 0x00, 0xE0, 0x01, 0x00, 0xF0, 0x00, 0x00, 0xFC, 0x00, 0x00, 0xCE, 0x00, 0x80, 0xC3, 0x00, 0xC0, 0xC1, 0x00, 0xE0, 0xC0, 0x00, 0xE0, 0xFF, 0x0F, 0xE0, 0xFF, 0x0F, 0x60, 0x18, 0x0C, 0x60, 0x18, 0x0C, 0x60, 0x18, 0x0C, 0x60, 0x18, 0x0C, 0x60, 0x18, 0x0C, 0x60, 0x18, 0x0C, 0x00, 0x00, 0x0C, 0x00, 0x00, 0x00,  // 0xC6
	0x0E, 0x00, 0x00, 0x00, 0x00, 0xFC, 0x00, 0x00, 0xFF, 0x01, 0x80, 0x83, 0x03, 0xC0, 0x00, 0x06, 0xC0, 0x00, 0x06, 0x60, 0x00, 0x4C, 0x60, 0x00, 0x5C, 0x60, 0x00, 0x7C, 0x60, 0x00, 0x7C, 0x60, 0x00, 0x0C, 0xE0, 0x00, 0x0C, 0xC0, 0x00, 0x06, 0x00, 0x00, 0x00, 0x00, 0x00, 0x00, 0x00, 0x00, 0x00, 0x00, 0x00, 0x00, 0x00, 0x00, 0x00, 0x00, 0x00, 0x00, 0x00, 0x00, 0x00, 0x00, 0x00, 0x00,  // 0xC7
	0x0D, 0x00, 0x00, 0x00, 0x00, 0x00, 0x00, 0xE0, 0xFF, 0x0F, 0xE0, 0xFF, 0x0F, 0x60, 0x18, 0x0C, 0x62, 0x18, 0x0C, 0x67, 0x18, 0x0C, 0x6E, 0x18, 0x0C, 0x64, 0x18, 0x0C, 0x60, 0x18, 0x0C, 0x60, 0x18, 0x0C, 0x00, 0x00, 0x0C, 0x00, 0x00, 0x00, 0x00, 0x00, 0x00, 0x00, 0x00, 0x00, 0x00, 0x00, 0x00, 0x00, 0x00, 0x00, 0x00, 0x00, 0x00, 0x00, 0x00, 0x00, 0x00, 0x00, 0x00, 0x00, 0x00, 0x00,  // 0xC8
	0x0D, 0x00, 0x00, 0x00, 0x00, 0x00, 0x00, 0xE0, 0xFF, 0x0F, 0xE0, 0xFF, 0x0F, 0x60, 0x18, 0x0C, 0x60, 0x18, 0x0C, 0x64, 0x18, 0x0C, 0x6E, 0x18, 0x0C, 0x67, 0x18, 0x0C, 0x62, 0x18, 0x0C, 0x60, 0x18, 0x0C, 0x00, 0x00, 0x0C, 0x00, 0x00, 0x00, 0x00, 0x00, 0x00, 0x00, 0x00, 0x00, 0x00, 0x00, 0x00, 0x00, 0x00, 0x00, 0x00, 0x00, 0x00, 0x00, 0x00, 0x00, 0x00, 0x00, 0x00, 0x00, 0x00, 0x00,  // 0xC9
	0x0D, 0x00, 0x00, 0x00, 0x00, 0x00, 0x00, 0xE0, 0xFF, 0x0F, 0xE0, 0xFF, 0x0F, 0x6C, 0x18, 0x0C, 0x66, 0x18, 0x0C, 0x63, 0x18, 0x0C, 0x66, 0x18, 0x0C, 0x6C, 0x18, 0x0C, 0x60, 0x18, 0x0C, 0x60, 0x18, 0x0C, 0x00, 0x00, 0x0C, 0x00, 0x00, 0x00, 0x00, 0x00, 0x00, 0x00, 0x00, 0x00, 0x00, 0x00, 0x00, 0x00, 0x00, 0x00, 0x00, 0x00, 0x00, 0x00, 0x00, 0x00, 0x00, 0x00, 0x00, 0x00, 0x00, 0x00,  // 0xCA
	0x0D, 0x00, 0x00, 0x00, 0x00, 0x00, 0x00, 0xE0, 0xFF, 0x0F, 0xE7, 0xFF, 0x0F, 0x67, 0x18, 0x0C, 0x67, 0x18, 0x0C, 0x60, 0x18, 0x0C, 0x60, 0x18, 0x0C, 0x67, 0x18, 0x0C, 0x67, 0x18, 0x0C, 0x67, 0x18, 0x0C, 0x00, 0x00, 0x0C, 0x00, 0x00, 0x00, 0x00, 0x00, 0x00, 0x00, 0x00, 0x00, 0x00, 0x00, 0x00, 0x00, 0x00, 0x00, 0x00, 0x00, 0x00, 0x00, 0x00, 0x00, 0x00, 0x00, 0x00, 0x00, 0x00, 0x00,  // 0xCB
	0x06, 0x02, 0x00, 0x00, 0x07, 0x00, 0x00, 0xEE, 0xFF, 0x0F, 0xE4, 0xFF, 0x0F, 0x00, 0x00, 0x00, 0x00, 0x00, 0x00, 0x00, 0x00, 0x00, 0x00, 0x00, 0x00, 0x00, 0x00, 0x00, 0x00, 0x00, 0x00, 0x00, 0x00, 0x00, 0x00, 0x00, 0x00, 0x00, 0x00, 0x00, 0x00, 0x00, 0x00, 0x00, 0x00, 0x00, 0x00, 0x00, 0x00, 0x00, 0x00, 0x00, 0x00, 0x00, 0x00, 0x00, 0x00, 0x00, 0x00, 0x00, 0x00, 0x00, 0x00, 0x00,  // 0xCC
	0x07, 0x00, 0x00, 0x00, 0x00, 0x00, 0x00, 0xE4, 0xFF, 0x0F, 0xEE, 0xFF, 0x0F, 0x07, 0x00, 0x00, 0x02, 0x00, 0x00, 0x00, 0x00, 0x00, 0x00, 0x00, 0x00, 0x00, 0x00, 0x00, 0x00, 0x00, 0x00, 0x00, 0x00, 0x00, 0x00, 0x00, 0x00, 0x00, 0x00, 0x00, 0x00, 0x00, 0x00, 0x00, 0x00, 0x00, 0x00, 0x00, 0x00, 0x00, 0x00, 0x00, 0x00, 0x00, 0x00, 0x00, 0x00, 0x00, 0x00, 0x00, 0x00, 0x00, 0x00, 0x00,  // 0xCD
	0x06, 0x0C, 0x00, 0x00, 0x06, 0x00, 0x00, 0xE3, 0xFF, 0x0F, 0xE6, 0xFF, 0x0F, 0x0C, 0x00, 0x00, 0x00, 0x00, 0x00, 0x00, 0x00, 0x00, 0x00, 0x00, 0x00, 0x00, 0x00, 0x00, 0x00, 0x00, 0x00, 0x00, 0x00, 0x00, 0x00, 0x00, 0x00, 0x00, 0x00, 0x00, 0x00, 0x00, 0x00, 0x00, 0x00, 0x00, 0x00, 0x00, 0x00, 0x00, 0x00, 0x00, 0x00, 0x00, 0x00, 0x00, 0x00, 0x00, 0x00, 0x00, 0x00, 0x00, 0x00, 0x00,  // 0xCE
	0x08, 0x07, 0x00, 0x00, 0x07, 0x00, 0x00, 0xE0, 0xFF, 0x0F, 0xE0, 0xFF, 0x0F, 0x07, 0x00, 0x00, 0x07, 0x00, 0x00, 0x07, 0x00, 0x00, 0x00, 0x00, 0x00, 0x00, 0x00, 0x00, 0x00, 0x00, 0x00, 0x00, 0x00, 0x00, 0x00, 0x00, 0x00, 0x00, 0x00, 0x00, 0x00, 0x00, 0x00, 0x00, 0x00, 0x00, 0x00, 0x00, 0x00, 0x00, 0x00, 0x00, 0x00, 0x00, 0x00, 0x00, 0x00, 0x00, 0x00, 0x00, 0x00, 0x00, 0x00, 0x00,  // 0xCF
	0x10, 0x00, 0x18, 0x00, 0x00, 0x18, 0x00, 0xE0, 0xFF, 0x0F, 0xE0, 0xFF, 0x0F, 0x60, 0x18, 0x0C, 0x60, 0x18, 0x0C, 0x60, 0x18, 0x0C, 0x60, 0x00, 0x0C, 0x60, 0x00, 0x0C, 0x60, 0x00, 0x0C, 0xC0, 0x00, 0x06, 0xC0, 0x01, 0x07, 0x80, 0x83, 0x03, 0x00, 0xFF, 0x01, 0x00, 0x7C, 0x00, 0x00, 0x00, 0x00, 0x00, 0x00, 0x00, 0x00, 0x00, 0x00, 0x00, 0x00, 0x00, 0x00, 0x00, 0x00, 0x00, 0x00, 0x00,  // 0xD0
	0x10, 0x00, 0x00, 0x00, 0x00, 0x00, 0x00, 0xE0, 0xFF, 0x0F, 0xE0, 0xFF, 0x0F, 0xC6, 0x01, 0x00, 0x83, 0x03, 0x00, 0x03, 0x07, 0x00, 0x07, 0x1C, 0x00, 0x06, 0x38, 0x00, 0x06, 0x70, 0x00, 0x03, 0xC0, 0x01, 0x00, 0x80, 0x03, 0xE0, 0xFF, 0x0F, 0xE0, 0xFF, 0x0F, 0x00, 0x00, 0x00, 0x00, 0x00, 0x00, 0x00, 0x00, 0x00, 0x00, 0x00, 0x00, 0x00, 0x00, 0x00, 0x00, 0x00, 0x00, 0x00, 0x00, 0x00,  // 0xD1
	0x11, 0x00, 0x00, 0x00, 0x00, 0x7C, 0x00, 0x00, 0xFF, 0x01, 0x80, 0x83, 0x03, 0xC0, 0x00, 0x06, 0xC0, 0x00, 0x06, 0x62, 0x00, 0x0C, 0x67, 0x00, 0x0C, 0x6E, 0x00, 0x0C, 0x64, 0x00, 0x0C, 0x60, 0x00, 0x0C, 0xE0, 0x00, 0x06, 0xC0, 0x00, 0x06, 0x80, 0x83, 0x03, 0x00, 0xFF, 0x01, 0x00, 0xFE, 0x00, 0x00, 0x00, 0x00, 0x00, 0x00, 0x00, 0x00, 0x00, 0x00, 0x00, 0x00, 0x00, 0x00, 0x00, 0x00,  // 0xD2
	0x11, 0x00, 0x00, 0x00, 0x00, 0x7C, 0x00, 0x00, 0xFF, 0x01, 0x80, 0x83, 0x03, 0xC0, 0x00, 0x06, 0xC0, 0x00, 0x06, 0x60, 0x00, 0x0C, 0x64, 0x00, 0x0C, 0x6E, 0x00, 0x0C, 0x67, 0x00, 0x0C, 0x62, 0x00, 0x0C, 0xE0, 0x00, 0x06, 0xC0, 0x00, 0x06, 0x80, 0x83, 0x03, 0x00, 0xFF, 0x01, 0x00, 0xFE, 0x00, 0x00, 0x00, 0x00, 0x00, 0x00, 0x00, 0x00, 0x00, 0x00, 0x00, 0x00, 0x00, 0x00, 0x00, 0x00,  // 0xD3
	0x11, 0x00, 0x00, 0x00, 0x00, 0x7C, 0x00, 0x00, 0xFF, 0x01, 0x80, 0x83, 0x03, 0xC0, 0x00, 0x06, 0xC0, 0x00, 0x06, 0x6C, 0x00, 0x0C, 0x66, 0x00, 0x0C, 0x63, 0x00, 0x0C, 0x66, 0x00, 0x0C, 0x6C, 0x00, 0x0C, 0xE0, 0x00, 0x06, 0xC0, 0x00, 0x06, 0x80, 0x83, 0x03, 0x00, 0xFF, 0x01, 0x00, 0xFE, 0x00, 0x00, 0x00, 0x00, 0x00, 0x00, 0x00, 0x00, 0x00, 0x00, 0x00, 0x00, 0x00, 0x00, 0x00, 0x00,  // 0xD4
	0x11, 0x00, 0x00, 0x00, 0x00, 0x7C, 0x00, 0x00, 0xFF, 0x01, 0x80, 0x83, 0x03, 0xC0, 0x00, 0x06, 0xC6, 0x00, 0x06, 0x63, 0x00, 0x0C, 0x63, 0x00, 0x0C, 0x67, 0x00, 0x0C, 0x66, 0x00, 0x0C, 0x66, 0x00, 0x0C, 0xE3, 0x00, 0x06, 0xC0, 0x00, 0x06, 0x80, 0x83, 0x03, 0x00, 0xFF, 0x01, 0x00, 0xFE, 0x00, 0x00, 0x00, 0x00, 0x00, 0x00, 0x00, 0x00, 0x00, 0x00, 0x00, 0x00, 0x00, 0x00, 0x00, 0x00,  // 0xD5
	0x11, 0x00, 0x00, 0x00, 0x00, 0x7C, 0x00, 0x00, 0xFF, 0x01, 0x80, 0x83, 0x03, 0xC0, 0x00, 0x06, 0xC7, 0x00, 0x06, 0x67, 0x00, 0x0C, 0x67, 0x00, 0x0C, 0x60, 0x00, 0x0C, 0x60, 0x00, 0x0C, 0x67, 0x00, 0x0C, 0xE7, 0x00, 0x06, 0xC7, 0x00, 0x06, 0x80, 0x83, 0x03, 0x00, 0xFF, 0x01, 0x00, 0xFE, 0x00, 0x00, 0x00, 0x00, 0x00, 0x00, 0x00, 0x00, 0x00, 0x00, 0x00, 0x00, 0x00, 0x00, 0x00, 0x00,  // 0xD6
	0x0C, 0x00, 0x00, 0x00, 0x00, 0x00, 0x00, 0x00, 0x00, 0x00, 0x00, 0x8C, 0x01, 0x00, 0xDC, 0x01, 0x00, 0xF8, 0x00, 0x00, 0x70, 0x00, 0x00, 0xF8, 0x00, 0x00, 0xDC, 0x01, 0x00, 0x8C, 0x01, 0x00, 0x00, 0x00, 0x00, 0x00, 0x00, 0x00, 0x00, 0x00, 0x00, 0x00, 0x00, 0x00, 0x00, 0x00, 0x00, 0x00, 0x00, 0x00, 0x00, 0x00, 0x00, 0x00, 0x00, 0x00, 0x00, 0x00, 0x00, 0x00, 0x00, 0x00, 0x00, 0x00,  // 0xD7
	0x11, 0x00, 0x00, 0x00, 0x00, 0xFE, 0x00, 0x00, 0xFF, 0x0F, 0x80, 0x83, 0x07, 0xC0, 0x80, 0x07, 0xC0, 0xC0, 0x0F, 0x60, 0xE0, 0x0C, 0x60, 0x70, 0x0C, 0x60, 0x38, 0x0C, 0x60, 0x1C, 0x0C, 0x60, 0x0E, 0x0C, 0xE0, 0x07, 0x06, 0xC0, 0x03, 0x06, 0xC0, 0x83, 0x03, 0xE0, 0xFF, 0x01, 0x00, 0xFE, 0x00, 0x00, 0x00, 0x00, 0x00, 0x00, 0x00, 0x00, 0x00, 0x00, 0x00, 0x00, 0x00, 0x00, 0x00, 0x00,  // 0xD8
	0x0F, 0x00, 0x00, 0x00, 0x00, 0x00, 0x00, 0xE0, 0xFF, 0x01, 0xE0, 0xFF, 0x07, 0x00, 0x00, 0x07, 0x02, 0x00, 0x0E, 0x07, 0x00, 0x0C, 0x0E, 0x00, 0x0C, 0x04, 0x00, 0x0C, 0x00, 0x00, 0x0E, 0x00, 0x00, 0x07, 0xE0, 0xFF, 0x07, 0xE0, 0xFF, 0x01, 0x00, 0x00, 0x00, 0x00, 0x00, 0x00, 0x00, 0x00, 0x00, 0x00, 0x00, 0x00, 0x00, 0x00, 0x00, 0x00, 0x00, 0x00, 0x00, 0x00, 0x00, 0x00, 0x00, 0x00,  // 0xD9
	0x0F, 0x00, 0x00, 0x00, 0x00, 0x00, 0x00, 0xE0, 0xFF, 0x01, 0xE0, 0xFF, 0x07, 0x00, 0x00, 0x07, 0x00, 0x00, 0x0E, 0x04, 0x00, 0x0C, 0x0E, 0x00, 0x0C, 0x07, 0x00, 0x0C, 0x02, 0x00, 0x0E, 0x00, 0x00, 0x07, 0xE0, 0xFF, 0x07, 0xE0, 0xFF, 0x01, 0x00, 0x00, 0x00, 0x00, 0x00, 0x00, 0x00, 0x00, 0x00, 0x00, 0x00, 0x00, 0x00, 0x00, 0x00, 0x00, 0x00, 0x00, 0x00, 0x00, 0x00, 0x00, 0x00, 0x00,  // 0xDA
	0x0F, 0x00, 0x00, 0x00, 0x00, 0x00, 0x00, 0xE0, 0xFF, 0x01, 0xE0, 0xFF, 0x07, 0x00, 0x00, 0x07, 0x0C, 0x00, 0x0E, 0x06, 0x00, 0x0C, 0x03, 0x00, 0x0C, 0x06, 0x00, 0x0C, 0x0C, 0x00, 0x0E, 0x00, 0x00, 0x07, 0xE0, 0xFF, 0x07, 0xE0, 0xFF, 0x01, 0x00, 0x00, 0x00, 0x00, 0x00, 0x00, 0x00, 0x00, 0x00, 0x00, 0x00, 0x00, 0x00, 0x00, 0x00, 0x00, 0x00, 0x00, 0x00, 0x00, 0x00, 0x00, 0x00, 0x00,  // 0xDB
	0x0F, 0x00, 0x00, 0x00, 0x00, 0x00, 0x00, 0xE0, 0xFF, 0x01, 0xE0, 0xFF, 0x07, 0x07, 0x00, 0x07, 0x07, 0x00, 0x0E, 0x07, 0x00, 0x0C, 0x00, 0x00, 0x0C, 0x00, 0x00, 0x0C, 0x07, 0x00, 0x0E, 0x07, 0x00, 0x07, 0xE7, 0xFF, 0x07, 0xE0, 0xFF, 0x01, 0x00, 0x00, 0x00, 0x00, 0x00, 0x00, 0x00, 0x00, 0x00, 0x00, 0x00, 0x00, 0x00, 0x00, 0x00, 0x00, 0x00, 0x00, 0x00, 0x00, 0x00, 0x00, 0x00, 0x00,  // 0xDC
	0x0D, 0x20, 0x00, 0x00, 0xE0, 0x00, 0x00, 0xC0, 0x03, 0x00, 0x00, 0x07, 0x00, 0x00, 0x1E, 0x00, 0x04, 0xF8, 0x0F, 0x0E, 0xF8, 0x0F, 0x07, 0x1E, 0x00, 0x02, 0x07, 0x00, 0xC0, 0x03, 0x00, 0xE0, 0x00, 0x00, 0x20, 0x00, 0x00, 0x00, 0x00, 0x00, 0x00, 0x00, 0x00, 0x00, 0x00, 0x00, 0x00, 0x00, 0x00, 0x00, 0x00, 0x00, 0x00, 0x00, 0x00, 0x00, 0x00, 0x00, 0x00, 0x00, 0x00, 0x00, 0x00, 0x00,  // 0xDD
	0x0D, 0x00, 0x00, 0x00, 0x00, 0x00, 0x00, 0xE0, 0xFF, 0x0F, 0xE0, 0xFF, 0x0F, 0x80, 0x81, 0x01, 0x80, 0x81, 0x01, 0x80, 0x81, 0x01, 0x80, 0x81, 0x01, 0x80, 0x81, 0x01, 0x00, 0xC3, 0x00, 0x00, 0xFF, 0x00, 0x00, 0x3C, 0x00, 0x00, 0x00, 0x00, 0x00, 0x00, 0x00, 0x00, 0x00, 0x00, 0x00, 0x00, 0x00, 0x00, 0x00, 0x00, 0x00, 0x00, 0x00, 0x00, 0x00, 0x00, 0x00, 0x00, 0x00, 0x00, 0x00, 0x00,  // 0xDE
	0x0E, 0x00, 0x00, 0x00, 0x00, 0x00, 0x00, 0xE0, 0xFF, 0x0F, 0xF0, 0xFF, 0x0F, 0x38, 0x00, 0x00, 0x18, 0x00, 0x00, 0x18, 0x38, 0x0E, 0x18, 0x3C, 0x0C, 0x38, 0x73, 0x0C, 0xF0, 0x61, 0x0C, 0xE0, 0xE0, 0x0C, 0x00, 0xC0, 0x07, 0x00, 0x80, 0x07, 0x00, 0x00, 0x00, 0x00, 0x00, 0x00, 0x00, 0x00, 0x00, 0x00, 0x00, 0x00, 0x00, 0x00, 0x00, 0x00, 0x00, 0x00, 0x00, 0x00, 0x00, 0x00, 0x00, 0x00,  // 0xDF
	0x0B, 0x00, 0x00, 0x00, 0x00, 0xC0, 0x03, 0x00, 0xE3, 0x07, 0x10, 0x73, 0x0E, 0x38, 0x33, 0x0C, 0x70, 0x33, 0x0C, 0x20, 0x37, 0x0C, 0x00, 0xFE, 0x0F, 0x00, 0xFC, 0x0F, 0x00, 0x00, 0x00, 0x00, 0x00, 0x00, 0x00, 0x00, 0x00, 0x00, 0x00, 0x00, 0x00, 0x00, 0x00, 0x00, 0x00, 0x00, 0x00, 0x00, 0x00, 0x00, 0x00, 0x00, 0x00, 0x00, 0x00, 0x00, 0x00, 0x00, 0x00, 0x00, 0x00, 0x00, 0x00, 0x00,  // 0xE0
	0x0B, 0x00, 0x00, 0x00, 0x00, 0xC0, 0x03, 0x00, 0xE3, 0x07, 0x00, 0x73, 0x0E, 0x20, 0x33, 0x0C, 0x70, 0x33, 0x0C, 0x38, 0x37, 0x0C, 0x10, 0xFE, 0x0F, 0x00, 0xFC, 0x0F, 0x00, 0x00, 0x00, 0x00, 0x00, 0x00, 0x00, 0x00, 0x00, 0x00, 0x00, 0x00, 0x00, 0x00, 0x00, 0x00, 0x00, 0x00, 0x00, 0x00, 0x00, 0x00, 0x00, 0x00, 0x00, 0x00, 0x00, 0x00, 0x00, 0x00, 0x00, 0x00, 0x00, 0x00, 0x00, 0x00,  // 0xE1
	0x0B, 0x00, 0x00, 0x00, 0x00, 0xC0, 0x03, 0x00, 0xE3, 0x07, 0x60, 0x73, 0x0E, 0x30, 0x33, 0x0C, 0x18, 0x33, 0x0C, 0x30, 0x37, 0x0C, 0x60, 0xFE, 0x0F, 0x00, 0xFC, 0x0F, 0x00, 0x00, 0x00, 0x00, 0x00, 0x00, 0x00, 0x00, 0x00, 0x00, 0x00, 0x00, 0x00, 0x00, 0x00, 0x00, 0x00, 0x00, 0x00, 0x00, 0x00, 0x00, 0x00, 0x00, 0x00, 0x00, 0x00, 0x00, 0x00, 0x00, 0x00, 0x00, 0x00, 0x00, 0x00, 0x00,  // 0xE2
	0x0B, 0x00, 0x00, 0x00, 0x00, 0xC0, 0x03, 0x30, 0xE3, 0x07, 0x18, 0x73, 0x0E, 0x18, 0x33, 0x0C, 0x38, 0x33, 0x0C, 0x30, 0x37, 0x0C, 0x30, 0xFE, 0x0F, 0x18, 0xFC, 0x0F, 0x00, 0x00, 0x00, 0x00, 0x00, 0x00, 0x00, 0x00, 0x00, 0x00, 0x00, 0x00, 0x00, 0x00, 0x00, 0x00, 0x00, 0x00, 0x00, 0x00, 0x00, 0x00, 0x00, 0x00, 0x00, 0x00, 0x00, 0x00, 0x00, 0x00, 0x00, 0x00, 0x00, 0x00, 0x00, 0x00,  // 0xE3
	0x0B, 0x00, 0x00, 0x00, 0x38, 0xC0, 0x03, 0x38, 0xE3, 0x07, 0x38, 0x73, 0x0E, 0x00, 0x33, 0x0C, 0x00, 0x33, 0x0C, 0x38, 0x37, 0x0C, 0x38, 0xFE, 0x0F, 0x38, 0xFC, 0x0F, 0x00, 0x00, 0x00, 0x00, 0x00, 0x00, 0x00, 0x00, 0x00, 0x00, 0x00, 0x00, 0x00, 0x00, 0x00, 0x00, 0x00, 0x00, 0x00, 0x00, 0x00, 0x00, 0x00, 0x00, 0x00, 0x00, 0x00, 0x00, 0x00, 0x00, 0x00, 0x00, 0x00, 0x00, 0x00, 0x00,  // 0xE4
	0x0B, 0x00, 0x00, 0x00, 0x00, 0xC0, 0x03, 0x00, 0xE3, 0x07, 0x30, 0x73, 0x0E, 0x78, 0x33, 0x0C, 0x48, 0x33, 0x0C, 0x78, 0x37, 0x0C, 0x30, 0xFE, 0x0F, 0x00, 0xFC, 0x0F, 0x00, 0x00, 0x00, 0x00, 0x00, 0x00, 0x00, 0x00, 0x00, 0x00, 0x00, 0x00, 0x00, 0x00, 0x00, 0x00, 0x00, 0x00, 0x00, 0x00, 0x00, 0x00, 0x00, 0x00, 0x00, 0x00, 0x00, 0x00, 0x00, 0x00, 0x00, 0x00, 0x00, 0x00, 0x00, 0x00,  // 0xE5
	0x13, 0x00, 0x00, 0x00, 0x00, 0xC0, 0x03, 0x00, 0xE3, 0x07, 0x00, 0x73, 0x0E, 0x00, 0x33, 0x0C, 0x00, 0x33, 0x0C, 0x00, 0x33, 0x0C, 0x00, 0x37, 0x0C, 0x00, 0xFE, 0x07, 0x00, 0xFC, 0x07, 0x00, 0x36, 0x07, 0x00, 0x33, 0x0E, 0x00, 0x33, 0x0C, 0x00, 0x33, 0x0C, 0x00, 0x33, 0x0C, 0x00, 0x37, 0x0C, 0x00, 0x3E, 0x0C, 0x00, 0x38, 0x00, 0x00, 0x00, 0x00, 0x00, 0x00, 0x00, 0x00, 0x00, 0x00,  // 0xE6
	0x0B, 0x00, 0x00, 0x00, 0x00, 0xF8, 0x01, 0x00, 0xFC, 0x03, 0x00, 0x0E, 0x07, 0x00, 0x07, 0x8E, 0x00, 0x03, 0xBC, 0x00, 0x03, 0xFC, 0x00, 0x03, 0xEC, 0x00, 0x03, 0x0C, 0x00, 0x03, 0x0C, 0x00, 0x00, 0x00, 0x00, 0x00, 0x00, 0x00, 0x00, 0x00, 0x00, 0x00, 0x00, 0x00, 0x00, 0x00, 0x00, 0x00, 0x00, 0x00, 0x00, 0x00, 0x00, 0x00, 0x00, 0x00, 0x00, 0x00, 0x00, 0x00, 0x00, 0x00, 0x00, 0x00,  // 0xE7
	0x0C, 0x00, 0x00, 0x00, 0x00, 0xF8, 0x01, 0x00, 0xFC, 0x03, 0x00, 0x66, 0x06, 0x10, 0x63, 0x0C, 0x38, 0x63, 0x0C, 0x70, 0x63, 0x0C, 0x20, 0x63, 0x0C, 0x00, 0x67, 0x0C, 0x00, 0x7E, 0x0C, 0x00, 0x78, 0x00, 0x00, 0x00, 0x00, 0x00, 0x00, 0x00, 0x00, 0x00, 0x00, 0x00, 0x00, 0x00, 0x00, 0x00, 0x00, 0x00, 0x00, 0x00, 0x00, 0x00, 0x00, 0x00, 0x00, 0x00, 0x00, 0x00, 0x00, 0x00, 0x00, 0x00,  // 0xE8
	0x0C, 0x00, 0x00, 0x00, 0x00, 0xF8, 0x01, 0x00, 0xFC, 0x03, 0x00, 0x66, 0x06, 0x00, 0x63, 0x0C, 0x20, 0x63, 0x0C, 0x70, 0x63, 0x0C, 0x38, 0x63, 0x0C, 0x10, 0x67, 0x0C, 0x00, 0x7E, 0x0C, 0x00, 0x78, 0x00, 0x00, 0x00, 0x00, 0x00, 0x00, 0x00, 0x00, 0x00, 0x00, 0x00, 0x00, 0x00, 0x00, 0x00, 0x00, 0x00, 0x00, 0x00, 0x00, 0x00, 0x00, 0x00, 0x00, 0x00, 0x00, 0x00, 0x00, 0x00, 0x00, 0x00,  // 0xE9
	0x0C, 0x00, 0x00, 0x00, 0x00, 0xF8, 0x01, 0x00, 0xFC, 0x03, 0x00, 0x66, 0x06, 0x60, 0x63, 0x0C, 0x30, 0x63, 0x0C, 0x18, 0x63, 0x0C, 0x30, 0x63, 0x0C, 0x60, 0x67, 0x0C, 0x00, 0x7E, 0x0C, 0x00, 0x78, 0x00, 0x00, 0x00, 0x00, 0x00, 0x00, 0x00, 0x00, 0x00, 0x00, 0x00, 0x00, 0x00, 0x00, 0x00, 0x00, 0x00, 0x00, 0x00, 0x00, 0x00, 0x00, 0x00, 0x00, 0x00, 0x00, 0x00, 0x00, 0x00, 0x00, 0x00,  // 0xEA
	0x0C, 0x00, 0x00, 0x00, 0x00, 0xF8, 0x01, 0x38, 0xFC, 0x03, 0x38, 0x66, 0x06, 0x38, 0x63, 0x0C, 0x00, 0x63, 0x0C, 0x00, 0x63, 0x0C, 0x38, 0x63, 0x0C, 0x38, 0x67, 0x0C, 0x38, 0x7E, 0x0C, 0x00, 0x78, 0x00, 0x00, 0x00, 0x00, 0x00, 0x00, 0x00, 0x00, 0x00, 0x00, 0x00, 0x00, 0x00, 0x00, 0x00, 0x00, 0x00, 0x00, 0x00, 0x00, 0x00, 0x00, 0x00, 0x00, 0x00, 0x00, 0x00, 0x00, 0x00, 0x00, 0x00,  // 0xEB
	0x06, 0x10, 0x00, 0x00, 0x38, 0x00, 0x00, 0x70, 0xFF, 0x0F, 0x20, 0xFF, 0x0F, 0x00, 0x00, 0x00, 0x00, 0x00, 0x00, 0x00, 0x00, 0x00, 0x00, 0x00, 0x00, 0x00, 0x00, 0x00, 0x00, 0x00, 0x00, 0x00, 0x00, 0x00, 0x00, 0x00, 0x00, 0x00, 0x00, 0x00, 0x00, 0x00, 0x00, 0x00, 0x00, 0x00, 0x00, 0x00, 0x00, 0x00, 0x00, 0x00, 0x00, 0x00, 0x00, 0x00, 0x00, 0x00, 0x00, 0x00, 0x00, 0x00, 0x00, 0x00,  // 0xEC
	0x07, 0x00, 0x00, 0x00, 0x00, 0x00, 0x00, 0x20, 0xFF, 0x0F, 0x70, 0xFF, 0x0F, 0x38, 0x00, 0x00, 0x10, 0x00, 0x00, 0x00, 0x00, 0x00, 0x00, 0x00, 0x00, 0x00, 0x00, 0x00, 0x00, 0x00, 0x00, 0x00, 0x00, 0x00, 0x00, 0x00, 0x00, 0x00, 0x00, 0x00, 0x00, 0x00, 0x00, 0x00, 0x00, 0x00, 0x00, 0x00, 0x00, 0x00, 0x00, 0x00, 0x00, 0x00, 0x00, 0x00, 0x00, 0x00, 0x00, 0x00, 0x00, 0x00, 0x00, 0x00,  // 0xED
	0x06, 0x60, 0x00, 0x00, 0x30, 0x00, 0x00, 0x18, 0xFF, 0x0F, 0x30, 0xFF, 0x0F, 0x60, 0x00, 0x00, 0x00, 0x00, 0x00, 0x00, 0x00, 0x00, 0x00, 0x00, 0x00, 0x00, 0x00, 0x00, 0x00, 0x00, 0x00, 0x00, 0x00, 0x00, 0x00, 0x00, 0x00, 0x00, 0x00, 0x00, 0x00, 0x00, 0x00, 0x00, 0x00, 0x00, 0x00, 0x00, 0x00, 0x00, 0x00, 0x00, 0x00, 0x00, 0x00, 0x00, 0x00, 0x00, 0x00, 0x00, 0x00, 0x00, 0x00, 0x00,  // 0xEE
	0x08, 0x38, 0x00, 0x00, 0x38, 0x00, 0x00, 0x00, 0xFF, 0x0F, 0x00, 0xFF, 0x0F, 0x38, 0x00, 0x00, 0x38, 0x00, 0x00, 0x38, 0x00, 0x00, 0x00, 0x00, 0x00, 0x00, 0x00, 0x00, 0x00, 0x00, 0x00, 0x00, 0x00, 0x00, 0x00, 0x00, 0x00, 0x00, 0x00, 0x00, 0x00, 0x00, 0x00, 0x00, 0x00, 0x00, 0x00, 0x00, 0x00, 0x00, 0x00, 0x00, 0x00, 0x00, 0x00, 0x00, 0x00, 0x00, 0x00, 0x00, 0x00, 0x00, 0x00, 0x00,  // 0xEF
	0x0D, 0x00, 0x00, 0x00, 0x00, 0xF0, 0x01, 0x00, 0xFC, 0x03, 0x00, 0x0C, 0x07, 0x00, 0x06, 0x0E, 0xC0, 0x06, 0x0C, 0xD0, 0x06, 0x0C, 0x78, 0x06, 0x0C, 0x70, 0x06, 0x0E, 0xE0, 0x0D, 0x07, 0xA0, 0xFF, 0x03, 0x30, 0xFE, 0x00, 0x00, 0x00, 0x00, 0x00, 0x00, 0x00, 0x00, 0x00, 0x00, 0x00, 0x00, 0x00, 0x00, 0x00, 0x00, 0x00, 0x00, 0x00, 0x00, 0x00, 0x00, 0x00, 0x00, 0x00, 0x00, 0x00, 0x00,  // 0xF0
	0x0D, 0x00, 0x00, 0x00, 0x00, 0x00, 0x00, 0x00, 0xFF, 0x0F, 0x30, 0xFF, 0x0F, 0x18, 0x03, 0x00, 0x18, 0x03, 0x00, 0x38, 0x03, 0x00, 0x30, 0x03, 0x00, 0x30, 0x07, 0x00, 0x18, 0xFE, 0x0F, 0x00, 0xFC, 0x0F, 0x00, 0x00, 0x00, 0x00, 0x00, 0x00, 0x00, 0x00, 0x00, 0x00, 0x00, 0x00, 0x00, 0x00, 0x00, 0x00, 0x00, 0x00, 0x00, 0x00, 0x00, 0x00, 0x00, 0x00, 0x00, 0x00, 0x00, 0x00, 0x00, 0x00,  // 0xF1
	0x0D, 0x00, 0x00, 0x00, 0x00, 0xF8, 0x01, 0x00, 0xFC, 0x03, 0x00, 0x0E, 0x07, 0x10, 0x07, 0x0E, 0x38, 0x03, 0x0C, 0x70, 0x03, 0x0C, 0x20, 0x03, 0x0C, 0x00, 0x07, 0x0E, 0x00, 0x0E, 0x07, 0x00, 0xFC, 0x03, 0x00, 0xF8, 0x01, 0x00, 0x00, 0x00, 0x00, 0x00, 0x00, 0x00, 0x00, 0x00, 0x00, 0x00, 0x00, 0x00, 0x00, 0x00, 0x00, 0x00, 0x00, 0x00, 0x00, 0x00, 0x00, 0x00, 0x00, 0x00, 0x00, 0x00,  // 0xF2
	0x0D, 0x00, 0x00, 0x00, 0x00, 0xF8, 0x01, 0x00, 0xFC, 0x03, 0x00, 0x0E, 0x07, 0x00, 0x07, 0x0E, 0x20, 0x03, 0x0C, 0x70, 0x03, 0x0C, 0x38, 0x03, 0x0C, 0x10, 0x07, 0x0E, 0x00, 0x0E, 0x07, 0x00, 0xFC, 0x03, 0x00, 0xF8, 0x01, 0x00, 0x00, 0x00, 0x00, 0x00, 0x00, 0x00, 0x00, 0x00, 0x00, 0x00, 0x00, 0x00, 0x00, 0x00, 0x00, 0x00, 0x00, 0x00, 0x00, 0x00, 0x00, 0x00, 0x00, 0x00, 0x00, 0x00,  // 0xF3
	0x0D, 0x00, 0x00, 0x00, 0x00, 0xF8, 0x01, 0x00, 0xFC, 0x03, 0x00, 0x0E, 0x07, 0x60, 0x07, 0x0E, 0x30, 0x03, 0x0C, 0x18, 0x03, 0x0C, 0x30, 0x03, 0x0C, 0x60, 0x07, 0x0E, 0x00, 0x0E, 0x07, 0x00, 0xFC, 0x03, 0x00, 0xF8, 0x01, 0x00, 0x00, 0x00, 0x00, 0x00, 0x00, 0x00, 0x00, 0x00, 0x00, 0x00, 0x00, 0x00, 0x00, 0x00, 0x00, 0x00, 0x00, 0x00, 0x00, 0x00, 0x00, 0x00, 0x00, 0x00, 0x00, 0x00,  // 0xF4
	0x0D, 0x00, 0x00, 0x00, 0x00, 0xF8, 0x01, 0x00, 0xFC, 0x03, 0x30, 0x0E, 0x07, 0x18, 0x07, 0x0E, 0x18, 0x03, 0x0C, 0x38, 0x03, 0x0C, 0x30, 0x03, 0x0C, 0x30, 0x07, 0x0E, 0x18, 0x0E, 0x07, 0x00, 0xFC, 0x03, 0x00, 0xF8, 0x01, 0x00, 0x00, 0x00, 0x00, 0x00, 0x00, 0x00, 0x00, 0x00, 0x00, 0x00, 0x00, 0x00, 0x00, 0x00, 0x00, 0x00, 0x00, 0x00, 0x00, 0x00, 0x00, 0x00, 0x00, 0x00, 0x00, 0x00,  // 0xF5
	0x0D, 0x00, 0x00, 0x00, 0x00, 0xF8, 0x01, 0x00, 0xFC, 0x03, 0x38, 0x0E, 0x07, 0x38, 0x07, 0x0E, 0x38, 0x03, 0x0C, 0x00, 0x03, 0x0C, 0x00, 0x03, 0x0C, 0x38, 0x07, 0x0E, 0x38, 0x0E, 0x07, 0x38, 0xFC, 0x03, 0x00, 0xF8, 0x01, 0x00, 0x00, 0x00, 0x00, 0x00, 0x00, 0x00, 0x00, 0x00, 0x00, 0x00, 0x00, 0x00, 0x00, 0x00, 0x00, 0x00, 0x00, 0x00, 0x00, 0x00, 0x00, 0x00, 0x00, 0x00, 0x00, 0x00,  // 0xF6
	0x0C, 0x00, 0x00, 0x00, 0x00, 0x30, 0x00, 0x00, 0x30, 0x00, 0x00, 0x30, 0x00, 0x80, 0x33, 0x07, 0x80, 0x33, 0x07, 0x80, 0x33, 0x07, 0x00, 0x30, 0x00, 0x00, 0x30, 0x00, 0x00, 0x30, 0x00, 0x00, 0x30, 0x00, 0x00, 0x00, 0x00, 0x00, 0x00, 0x00, 0x00, 0x00, 0x00, 0x00, 0x00, 0x00, 0x00, 0x00, 0x00, 0x00, 0x00, 0x00, 0x00, 0x00, 0x00, 0x00, 0x00, 0x00, 0x00, 0x00, 0x00, 0x00, 0x00, 0x00,  // 0xF7
	0x0D, 0x00, 0x00, 0x00, 0x00, 0xF8, 0x00, 0x00, 0xFC, 0x1B, 0x00, 0x8E, 0x0F, 0x00, 0x07, 0x07, 0x00, 0x83, 0x0D, 0x00, 0xE3, 0x0C, 0x00, 0x33, 0x0C, 0x00, 0x1F, 0x0E, 0x00, 0x0E, 0x07, 0x00, 0xFF, 0x03, 0x00, 0xF8, 0x01, 0x00, 0x00, 0x00, 0x00, 0x00, 0x00, 0x00, 0x00, 0x00, 0x00, 0x00, 0x00, 0x00, 0x00, 0x00, 0x00, 0x00, 0x00, 0x00, 0x00, 0x00, 0x00, 0x00, 0x00, 0x00, 0x00, 0x00,  // 0xF8
	0x0D, 0x00, 0x00, 0x00, 0x00, 0x00, 0x00, 0x00, 0xFF, 0x03, 0x00, 0xFF, 0x07, 0x10, 0x00, 0x0E, 0x38, 0x00, 0x0C, 0x70, 0x00, 0x0C, 0x20, 0x00, 0x0C, 0x00, 0x00, 0x0C, 0x00, 0xFF, 0x0F, 0x00, 0xFF, 0x0F, 0x00, 0x00, 0x00, 0x00, 0x00, 0x00, 0x00, 0x00, 0x00, 0x00, 0x00, 0x00, 0x00, 0x00, 0x00, 0x00, 0x00, 0x00, 0x00, 0x00, 0x00, 0x00, 0x00, 0x00, 0x00, 0x00, 0x00, 0x00, 0x00, 0x00,  // 0xF9
	0x0D, 0x00, 0x00, 0x00, 0x00, 0x00, 0x00, 0x00, 0xFF, 0x03, 0x00, 0xFF, 0x07, 0x00, 0x00, 0x0E, 0x20, 0x00, 0x0C, 0x70, 0x00, 0x0C, 0x38, 0x00, 0x0C, 0x10, 0x00, 0x0C, 0x00, 0xFF, 0x0F, 0x00, 0xFF, 0x0F, 0x00, 0x00, 0x00, 0x00, 0x00, 0x00, 0x00, 0x00, 0x00, 0x00, 0x00, 0x00, 0x00, 0x00, 0x00, 0x00, 0x00, 0x00, 0x00, 0x00, 0x00, 0x00, 0x00, 0x00, 0x00, 0x00, 0x00, 0x00, 0x00, 0x00,  // 0xFA
	0x0D, 0x00, 0x00, 0x00, 0x00, 0x00, 0x00, 0x00, 0xFF, 0x03, 0x00, 0xFF, 0x07, 0x60, 0x00, 0x0E, 0x30, 0x00, 0x0C, 0x18, 0x00, 0x0C, 0x30, 0x00, 0x0C, 0x60, 0x00, 0x0C, 0x00, 0xFF, 0x0F, 0x00, 0xFF, 0x0F, 0x00, 0x00, 0x00, 0x00, 0x00, 0x00, 0x00, 0x00, 0x00, 0x00, 0x00, 0x00, 0x00, 0x00, 0x00, 0x00, 0x00, 0x00, 0x00, 0x00, 0x00, 0x00, 0x00, 0x00, 0x00, 0x00, 0x00, 0x00, 0x00, 0x00,  // 0xFB
	0x0D, 0x00, 0x00, 0x00, 0x00, 0x00, 0x00, 0x00, 0xFF, 0x03, 0x38, 0xFF, 0x07, 0x38, 0x00, 0x0E, 0x38, 0x00, 0x0C, 0x00, 0x00, 0x0C, 0x00, 0x00, 0x0C, 0x38, 0x00, 0x0C, 0x38, 0xFF, 0x0F, 0x38, 0xFF, 0x0F, 0x00, 0x00, 0x00, 0x00, 0x00, 0x00, 0x00, 0x00, 0x00, 0x00, 0x00, 0x00, 0x00, 0x00, 0x00, 0x00, 0x00, 0x00, 0x00, 0x00, 0x00, 0x00, 0x00, 0x00, 0x00, 0x00, 0x00, 0x00, 0x00, 0x00,  // 0xFC
	0x0B, 0x00, 0x01, 0xC0, 0x00, 0x0F, 0xC0, 0x00, 0x7E, 0xC0, 0x00, 0xF0, 0xC3, 0x20, 0x80, 0x7F, 0x70, 0x00, 0x3E, 0x38, 0xE0, 0x0F, 0x10, 0xFC, 0x00, 0x00, 0x1F, 0x00, 0x00, 0x03, 0x00, 0x00, 0x00, 0x00, 0x00, 0x00, 0x00, 0x00, 0x00, 0x00, 0x00, 0x00, 0x00, 0x00, 0x00, 0x00, 0x00, 0x00, 0x00, 0x00, 0x00, 0x00, 0x00, 0x00, 0x00, 0x00, 0x00, 0x00, 0x00, 0x00, 0x00, 0x00, 0x00, 0x00,  // 0xFD
	0x0D, 0x00, 0x00, 0x00, 0x00, 0x00, 0x00, 0xF8, 0xFF, 0xFF, 0xF8, 0xFF, 0xFF, 0x00, 0x03, 0x06, 0x00, 0x03, 0x0C, 0x00, 0x03, 0x0C, 0x00, 0x03, 0x0C, 0x00, 0x07, 0x0C, 0x00, 0x0E, 0x07, 0x00, 0xFC, 0x07, 0x00, 0xF8, 0x01, 0x00, 0x00, 0x00, 0x00, 0x00, 0x00, 0x00, 0x00, 0x00, 0x00, 0x00, 0x00, 0x00, 0x00, 0x00, 0x00, 0x00, 0x00, 0x00, 0x00, 0x00, 0x00, 0x00, 0x00, 0x00, 0x00, 0x00,  // 0xFE
	0x0B, 0x00, 0x01, 0xC0, 0x38, 0x0F, 0xC0, 0x38, 0x7E, 0xC0, 0x38, 0xF0, 0xC3, 0x00, 0x80, 0x7F, 0x00, 0x00, 0x3E, 0x38, 0xE0, 0x0F, 0x38, 0xFC, 0x00, 0x38, 0x1F, 0x00, 0x00, 0x03, 0x00, 0x00, 0x00, 0x00, 0x00, 0x00, 0x00, 0x00, 0x00, 0x00, 0x00, 0x00, 0x00, 0x00, 0x00, 0x00, 0x00, 0x00, 0x00, 0x00, 0x00, 0x00, 0x00, 0x00, 0x00, 0x00, 0x00, 0x00, 0x00, 0x00, 0x00, 0x00, 0x00, 0x00,  // 0xFF
};

const struct GDS_FontDef Font_ubuntu_24 = {
	Font_ubuntu_24_data,
	21,
	24,
	' ',
	'\xFF',
	false
};
